,NeighborhoodBogota,Neighborhood Latitude,Neighborhood Longitude,Venue,Venue Latitude,Venue Longitude,Venue Category
0,CHAPINERO,4.6569,-74.0467,Bandido Bistro,4.661514382070441,-74.0503069564453,French Restaurant
1,CHAPINERO,4.6569,-74.0467,Quebrada La Vieja,4.650832532720232,-74.0495109454226,Scenic Lookout
2,CHAPINERO,4.6569,-74.0467,El Caracol Azul,4.6561212787781265,-74.0532026967261,Peruvian Restaurant
3,CHAPINERO,4.6569,-74.0467,Harry Sasson,4.65902079525152,-74.05452478254735,Restaurant
4,CHAPINERO,4.6569,-74.0467,Brot Bakery & Cafe,4.6632571201533874,-74.05057819174071,Bakery
5,CHAPINERO,4.6569,-74.0467,La Cesta,4.6637094644948185,-74.05132736581164,Breakfast Spot
6,CHAPINERO,4.6569,-74.0467,JW Marriott Hotel Bogota,4.656988372700185,-74.05556291341782,Hotel
7,CHAPINERO,4.6569,-74.0467,Hilton,4.655634813275068,-74.0551451548483,Hotel
8,CHAPINERO,4.6569,-74.0467,Ciclovía,4.660855267989427,-74.05107144307246,Bike Rental / Bike Share
9,CHAPINERO,4.6569,-74.0467,Al Agua Patos,4.654263146428904,-74.05396508125865,Breakfast Spot
10,CHAPINERO,4.6569,-74.0467,Bogotá Beer Company,4.6541628697831845,-74.05373584292894,Pub
11,CHAPINERO,4.6569,-74.0467,Home Burgers,4.653087259815611,-74.05428190736637,Burger Joint
12,CHAPINERO,4.6569,-74.0467,The Artisan DC Hotel,4.653638,-74.054505,Hotel
13,CHAPINERO,4.6569,-74.0467,Boutique Hotel Bh La Quinta,4.656391798875941,-74.05284490000426,Hotel
14,CHAPINERO,4.6569,-74.0467,Osaki,4.653787276063438,-74.05461905719416,Sushi Restaurant
15,CHAPINERO,4.6569,-74.0467,Cerros Orientales Bogotá,4.65356232146945,-74.04971174547197,Trail
16,CHAPINERO,4.6569,-74.0467,La Divina Comedia Trattoria,4.6536495333152,-74.05500319906139,Italian Restaurant
17,CHAPINERO,4.6569,-74.0467,Sipote Burrito,4.653392484930023,-74.05431611126725,Burrito Place
18,CHAPINERO,4.6569,-74.0467,Tornamesa G,4.651851703611042,-74.05525155578576,Bookstore
19,CHAPINERO,4.6569,-74.0467,Masa 81,4.664064315717395,-74.05159143784678,Bakery
20,CHAPINERO,4.6569,-74.0467,San Giorgio Trattoria,4.663629262549114,-74.0515058402944,Italian Restaurant
21,CHAPINERO,4.6569,-74.0467,Juan Valdez Café,4.65227237759962,-74.05585815605255,Coffee Shop
22,CHAPINERO,4.6569,-74.0467,Castillo del Mono Osorio,4.65516782977714,-74.05152169835969,Castle
23,CHAPINERO,4.6569,-74.0467,Jockey Club,4.654410113228257,-74.0522734254733,Restaurant
24,CHAPINERO,4.6569,-74.0467,Masa 70,4.6518115821278085,-74.05500986436155,Bakery
25,CHAPINERO,4.6569,-74.0467,Four Seasons Hotel Casa Medina Bogotá,4.65245608896089,-74.05658168977985,Hotel
26,CHAPINERO,4.6569,-74.0467,Club Colombia,4.665368243156612,-74.05096088829073,Latin American Restaurant
27,CHAPINERO,4.6569,-74.0467,Tornamesa,4.657127138553646,-74.05739760083158,Bookstore
28,CHAPINERO,4.6569,-74.0467,Criterión,4.651834296490814,-74.0559240314272,French Restaurant
29,CHAPINERO,4.6569,-74.0467,Bodytech Cabrera,4.665278251539169,-74.04706472743341,Gym
30,CHAPINERO,4.6569,-74.0467,Café Quindío,4.6608947650011325,-74.05636301827387,Café
31,CHAPINERO,4.6569,-74.0467,Libertario Coffee,4.652848,-74.054909,Coffee Shop
32,CHAPINERO,4.6569,-74.0467,Home Burgers,4.664345404452839,-74.05152350664139,Burger Joint
33,CHAPINERO,4.6569,-74.0467,Bagatelle,4.652736399580369,-74.05433813987516,Bakery
34,CHAPINERO,4.6569,-74.0467,Starbucks,4.651548236807173,-74.05532920854186,Coffee Shop
35,CHAPINERO,4.6569,-74.0467,El Cielo,4.6514001250482755,-74.0546897824982,Latin American Restaurant
36,CHAPINERO,4.6569,-74.0467,evolation yoga - Hot Yoga - Bikram Yoga,4.663023663789876,-74.05141939786428,Yoga Studio
37,CHAPINERO,4.6569,-74.0467,Crepes & Waffles - Artesano,4.652392574801694,-74.0546384089213,Restaurant
38,CHAPINERO,4.6569,-74.0467,Siuka Pastelería,4.662410549784114,-74.05237104965285,Café
39,CHAPINERO,4.6569,-74.0467,Eric Kayser Colombia,4.664503122208143,-74.05278658919431,Bakery
40,CHAPINERO,4.6569,-74.0467,Vitto,4.650835853975315,-74.05564277215504,Bistro
41,CHAPINERO,4.6569,-74.0467,Amor Perfecto,4.648939125038759,-74.05545014129005,Coffee Shop
42,CHAPINERO,4.6569,-74.0467,Hotel Cityflats,4.6635834102516105,-74.0505107679074,Hotel
43,CHAPINERO,4.6569,-74.0467,Bagatelle,4.664706753248518,-74.05128218036977,Bakery
44,CHAPINERO,4.6569,-74.0467,Andrés D.C.,4.666376037870644,-74.05442894220697,Steakhouse
45,CHAPINERO,4.6569,-74.0467,Bistecca e Vino,4.651035081109635,-74.05793086537695,Italian Restaurant
46,CHAPINERO,4.6569,-74.0467,Fulanitos,4.664941227963346,-74.05328038536754,Caribbean Restaurant
47,CHAPINERO,4.6569,-74.0467,Gun Club,4.663901266844017,-74.04964248995317,Historic Site
48,CHAPINERO,4.6569,-74.0467,Centro Comercial Andino,4.666714547946073,-74.05309177776574,Shopping Mall
49,CHAPINERO,4.6569,-74.0467,Carulla,4.654598328600338,-74.05362090900847,Supermarket
50,TUNJUELITO,4.5875,-74.1407,Country's Pizza,4.590904438069094,-74.13851327204105,Fast Food Restaurant
51,TUNJUELITO,4.5875,-74.1407,Papa John's,4.591625791940824,-74.12466420179693,Pizza Place
52,TUNJUELITO,4.5875,-74.1407,Tamales El Gordo,4.586183182646519,-74.12854351428504,Cajun / Creole Restaurant
53,TUNJUELITO,4.5875,-74.1407,Hamburguesas El Corral,4.596885833018226,-74.15546974478832,Burger Joint
54,TUNJUELITO,4.5875,-74.1407,Buffalo Wings,4.591667309642327,-74.12389856598912,Wings Joint
55,TUNJUELITO,4.5875,-74.1407,Bodytech Centro Mayor,4.591571431764492,-74.12361165404359,Gym / Fitness Center
56,TUNJUELITO,4.5875,-74.1407,Crepes & Waffles,4.593221632664357,-74.12397643045296,French Restaurant
57,TUNJUELITO,4.5875,-74.1407,Joshua Cafe Bar,4.591368599215866,-74.1238531803941,Bar
58,TUNJUELITO,4.5875,-74.1407,Salsamentaria San Juan,4.579954076698655,-74.12681760289922,Burger Joint
59,TUNJUELITO,4.5875,-74.1407,City Park CentroMayor,4.593077255289425,-74.12368916911527,Arcade
60,TUNJUELITO,4.5875,-74.1407,KFC Centro Mayor,4.593073935449242,-74.12382773666472,Fried Chicken Joint
61,TUNJUELITO,4.5875,-74.1407,Cinemark,4.5822325,-74.15673,Movie Theater
62,TUNJUELITO,4.5875,-74.1407,CREPES & WAFFLES - Heladería,4.59316509377699,-74.12409061097758,Ice Cream Shop
63,TUNJUELITO,4.5875,-74.1407,Bogotá Beer Company,4.591193338231392,-74.12392055687195,Bar
64,TUNJUELITO,4.5875,-74.1407,Lezzapan,4.593205351056264,-74.15772967054032,Pizza Place
65,TUNJUELITO,4.5875,-74.1407,Parque Timiza,4.609021425058681,-74.15397047996521,Park
66,TUNJUELITO,4.5875,-74.1407,Parque Villa Mayor,4.592017536819062,-74.12047505378723,Park
67,TUNJUELITO,4.5875,-74.1407,Parque Villa Del Río,4.602971234365273,-74.15494170535676,Park
68,TUNJUELITO,4.5875,-74.1407,Cine Colombia,4.590856427963277,-74.12404130041187,Multiplex
69,TUNJUELITO,4.5875,-74.1407,Al Chile Comida Mexicana.,4.581355828546837,-74.11576338358931,Mexican Restaurant
70,TUNJUELITO,4.5875,-74.1407,La Poche Pescaderia,4.61206854353066,-74.13515846076845,Seafood Restaurant
71,TUNJUELITO,4.5875,-74.1407,Pizza Paisa,4.596212656855897,-74.13120745873397,Pizza Place
72,TUNJUELITO,4.5875,-74.1407,La Villa Del Pollo,4.599638450198054,-74.16099017735398,Fried Chicken Joint
73,TUNJUELITO,4.5875,-74.1407,Sopas de Mamá y Postres de la Abuela,4.5917412002929385,-74.12435773237902,Latin American Restaurant
74,TUNJUELITO,4.5875,-74.1407,adidas,4.5911417,-74.1247278,Sporting Goods Shop
75,TUNJUELITO,4.5875,-74.1407,Parque Metropolitano El Tunal,4.571804840655415,-74.13441181182861,Park
76,TUNJUELITO,4.5875,-74.1407,Sandwich Qbano Centro Mayor,4.591020439499561,-74.12450535197205,Sandwich Place
77,TUNJUELITO,4.5875,-74.1407,Alkosto,4.595985147049837,-74.13934707641602,Department Store
78,TUNJUELITO,4.5875,-74.1407,Dunkin' Donuts,4.5930349703692315,-74.1243142710703,Donut Shop
79,TUNJUELITO,4.5875,-74.1407,El Carnal,4.591044520427467,-74.12447398102509,Mexican Restaurant
80,TUNJUELITO,4.5875,-74.1407,Adidas Performance Store,4.6116118168045706,-74.1407095478004,Sporting Goods Shop
81,TUNJUELITO,4.5875,-74.1407,Farmatodo,4.5900515,-74.1237776,Pharmacy
82,TUNJUELITO,4.5875,-74.1407,Quiroga,4.579048431324581,-74.11609028585781,Neighborhood
83,TUNJUELITO,4.5875,-74.1407,Centro Mayor,4.591890850594393,-74.12402179243375,Shopping Mall
84,TUNJUELITO,4.5875,-74.1407,Plazoleta De Comidas Centro Mayor,4.591260950240576,-74.12450078460687,Food Court
85,TUNJUELITO,4.5875,-74.1407,McDonald's,4.57832965192537,-74.13041033937334,Fast Food Restaurant
86,TUNJUELITO,4.5875,-74.1407,Homecenter y Constructor Av 68 Sur,4.604001873390265,-74.13297946010061,Furniture / Home Store
87,TUNJUELITO,4.5875,-74.1407,Farmatodo,4.5920951,-74.1239914,Pharmacy
88,TUNJUELITO,4.5875,-74.1407,Hamburguesas Del Rodeo C.C. Centro Mayor,4.59321799136565,-74.12372357845149,Burger Joint
89,TUNJUELITO,4.5875,-74.1407,Juan Valdez Café,4.591603751659312,-74.12427215559484,Coffee Shop
90,TUNJUELITO,4.5875,-74.1407,Olímpica Venecia,4.593483649467782,-74.13838137998505,Department Store
91,TUNJUELITO,4.5875,-74.1407,Mi Lindo Ranchito,4.611682212964724,-74.13233896824521,Restaurant
92,TUNJUELITO,4.5875,-74.1407,Bogotá Beer Company,4.591461427961044,-74.12426233291626,Bar
93,TUNJUELITO,4.5875,-74.1407,KFC,4.578355014214516,-74.13042180874075,Fast Food Restaurant
94,TUNJUELITO,4.5875,-74.1407,Don Jediondo - Centro Mayor,4.591520309448242,-74.12462615966797,Cajun / Creole Restaurant
95,TUNJUELITO,4.5875,-74.1407,Makro,4.596530558050673,-74.15329456329346,Warehouse Store
96,TUNJUELITO,4.5875,-74.1407,Ktronix,4.590120792249022,-74.12408831701241,Electronics Store
97,TUNJUELITO,4.5875,-74.1407,Subway,4.591461616912958,-74.12382690360813,Sandwich Place
98,TUNJUELITO,4.5875,-74.1407,Casa Del Kumis,4.59116577309634,-74.12392429945336,Breakfast Spot
99,TUNJUELITO,4.5875,-74.1407,Mis Carnes Parrilla,4.591352162269662,-74.12456053947523,BBQ Joint
100,ANTONIO NARIÑO,4.589768,-74.09906,Pasteleria Guernika,4.586891048300204,-74.10022794127197,Pie Shop
101,ANTONIO NARIÑO,4.589768,-74.09906,Belleza Profesional cosméticos y capilares,4.5855090939569045,-74.09938567665176,Salon / Barbershop
102,ANTONIO NARIÑO,4.589768,-74.09906,Sandwich Qbano Restrepo,4.584439689552816,-74.09970317831421,Sandwich Place
103,ANTONIO NARIÑO,4.589768,-74.09906,sport body,4.587048455328018,-74.09981159106508,Gym
104,ANTONIO NARIÑO,4.589768,-74.09906,Panadería Kuty,4.59970810254545,-74.09492403880748,Bakery
105,ANTONIO NARIÑO,4.589768,-74.09906,Wenbrulee,4.585942121458626,-74.09984623580628,Restaurant
106,ANTONIO NARIÑO,4.589768,-74.09906,Kokoriko,4.586530064512324,-74.1002820582154,Fried Chicken Joint
107,ANTONIO NARIÑO,4.589768,-74.09906,Bar Pescadero Del Restrepo,4.587760644947771,-74.10726946002409,Seafood Restaurant
108,ANTONIO NARIÑO,4.589768,-74.09906,Boliche Escape,4.584408948531262,-74.10150530247026,Bowling Alley
109,ANTONIO NARIÑO,4.589768,-74.09906,moffis,4.599558634468616,-74.09871638105602,Café
110,ANTONIO NARIÑO,4.589768,-74.09906,El merengon,4.588485580942965,-74.10078261949747,Deli / Bodega
111,ANTONIO NARIÑO,4.589768,-74.09906,BogoShake Factory - Fábrica de Malteadas,4.599089384549184,-74.10749551481834,Smoothie Shop
112,ANTONIO NARIÑO,4.589768,-74.09906,Postreria Almibar,4.573019914423601,-74.10075387072071,Dessert Shop
113,ANTONIO NARIÑO,4.589768,-74.09906,"Autenticos  Tamales Tolimenses ""Donde Carlos""",4.577050620024722,-74.10825594488291,Food Truck
114,ANTONIO NARIÑO,4.589768,-74.09906,El imperio del Pacifico,4.583197344845602,-74.10343244347999,Seafood Restaurant
115,ANTONIO NARIÑO,4.589768,-74.09906,Farmatodo,4.585889000102238,-74.10245740436747,Convenience Store
116,ANTONIO NARIÑO,4.589768,-74.09906,La Parrilla de Gus,4.582726949492712,-74.09706018463002,BBQ Joint
117,ANTONIO NARIÑO,4.589768,-74.09906,Asadero Don Roque,4.589817,-74.08156,Fried Chicken Joint
118,ANTONIO NARIÑO,4.589768,-74.09906,Domino's Pizza,4.602982825216387,-74.10146407011216,Pizza Place
119,ANTONIO NARIÑO,4.589768,-74.09906,Velodromo Primero de Mayo,4.572940989170565,-74.08884647770863,Park
120,ANTONIO NARIÑO,4.589768,-74.09906,Subway,4.584644,-74.101163,Sandwich Place
121,ANTONIO NARIÑO,4.589768,-74.09906,Pizza express,4.597552254997017,-74.0990328466544,Pizza Place
122,ANTONIO NARIÑO,4.589768,-74.09906,Pin o Cho,4.598236923790504,-74.10018540481104,Burger Joint
123,ANTONIO NARIÑO,4.589768,-74.09906,El Fogón Llanero,4.604273203663093,-74.09546317992564,Steakhouse
124,ANTONIO NARIÑO,4.589768,-74.09906,Viva la Pizza,4.585452735859928,-74.10066089748031,Pizza Place
125,ANTONIO NARIÑO,4.589768,-74.09906,Fragola,4.5976664994985645,-74.09908637930965,Pizza Place
126,ANTONIO NARIÑO,4.589768,-74.09906,Farmatodo,4.6031361,-74.1011857,Pharmacy
127,ANTONIO NARIÑO,4.589768,-74.09906,Al Chile Comida Mexicana.,4.581355828546837,-74.11576338358931,Mexican Restaurant
128,ANTONIO NARIÑO,4.589768,-74.09906,Teatro Colón,4.596540220706766,-74.0745383164652,Theater
129,ANTONIO NARIÑO,4.589768,-74.09906,Parque Ciudad Jardín Sur,4.582598818224694,-74.09196107495345,Park
130,ANTONIO NARIÑO,4.589768,-74.09906,El Viejo Rancho Tolimense,4.610749872265807,-74.09328313918797,Latin American Restaurant
131,ANTONIO NARIÑO,4.589768,-74.09906,Museo de Arte del Banco de la República,4.596319243565792,-74.07341804246981,Art Museum
132,ANTONIO NARIÑO,4.589768,-74.09906,Gaudi,4.603462,-74.098501375,Spanish Restaurant
133,ANTONIO NARIÑO,4.589768,-74.09906,Museo Botero,4.596704846677457,-74.07316480698015,Art Museum
134,ANTONIO NARIÑO,4.589768,-74.09906,Bosque San Carlos,4.574397031602281,-74.10578398758129,Park
135,ANTONIO NARIÑO,4.589768,-74.09906,Centro Cultural Gabriel García Márquez,4.597693839626869,-74.07428510390115,Cultural Center
136,ANTONIO NARIÑO,4.589768,-74.09906,Pasaje Rivas,4.599417981224898,-74.07803583893877,Arts & Crafts Store
137,ANTONIO NARIÑO,4.589768,-74.09906,Parque Ciudad Montes,4.602690465069198,-74.11552906036377,Park
138,ANTONIO NARIÑO,4.589768,-74.09906,La Barra Del Negro,4.579702,-74.094555,Burger Joint
139,ANTONIO NARIÑO,4.589768,-74.09906,Restaurante León,4.6145095166318315,-74.10373111578258,South American Restaurant
140,ANTONIO NARIÑO,4.589768,-74.09906,Arte y Pasión Café,4.598503776405138,-74.07750529525691,Café
141,ANTONIO NARIÑO,4.589768,-74.09906,Buffalo Wings,4.591667309642327,-74.12389856598912,Wings Joint
142,ANTONIO NARIÑO,4.589768,-74.09906,Papa John's,4.591625791940824,-74.12466420179693,Pizza Place
143,ANTONIO NARIÑO,4.589768,-74.09906,Pescaderia Mar Y Mar,4.6142572877912915,-74.10232956285506,Seafood Restaurant
144,ANTONIO NARIÑO,4.589768,-74.09906,Maria Tomasa - Cocina Caribe - Sede Museo,4.594956500833906,-74.07651106456801,Caribbean Restaurant
145,ANTONIO NARIÑO,4.589768,-74.09906,Cafe Rec,4.59449985001117,-74.07625277023705,Café
146,ANTONIO NARIÑO,4.589768,-74.09906,Juan Valdez Café,4.59778238461655,-74.074299406049,Coffee Shop
147,ANTONIO NARIÑO,4.589768,-74.09906,Museo Iglesia Santa Clara,4.596909878138206,-74.0773530495139,History Museum
148,ANTONIO NARIÑO,4.589768,-74.09906,Brasas y Pollos,4.602680338541254,-74.11184540900605,Restaurant
149,ANTONIO NARIÑO,4.589768,-74.09906,Bodytech Centro Mayor,4.591571431764492,-74.12361165404359,Gym / Fitness Center
150,PUENTE ARANDA,4.6149,-74.1227,Hornitos Panadería Pastelería,4.620116595789872,-74.11915231512401,Bakery
151,PUENTE ARANDA,4.6149,-74.1227,Bogotá Beer Company,4.618572142222209,-74.1344932960699,Brewery
152,PUENTE ARANDA,4.6149,-74.1227,Asadero Los Tronquitos,4.6151162982382,-74.11527589667809,BBQ Joint
153,PUENTE ARANDA,4.6149,-74.1227,Juan Valdez Café,4.6180684924142,-74.13529638372107,Coffee Shop
154,PUENTE ARANDA,4.6149,-74.1227,Don Chucho - Gallina Dorada a la Brasa,4.620184926050627,-74.12207192317987,Restaurant
155,PUENTE ARANDA,4.6149,-74.1227,Canterbury Café,4.619729357729142,-74.13745092392415,Cocktail Bar
156,PUENTE ARANDA,4.6149,-74.1227,Resturante El Carnal,4.619656501096342,-74.13510116231876,Mexican Restaurant
157,PUENTE ARANDA,4.6149,-74.1227,IMAX Procinal,4.619551843838605,-74.13540283634656,Movie Theater
158,PUENTE ARANDA,4.6149,-74.1227,Albondigas Del Paisa,4.615598406441243,-74.11042501201335,Latin American Restaurant
159,PUENTE ARANDA,4.6149,-74.1227,La Biferia,4.631957386333563,-74.11513972942217,Steakhouse
160,PUENTE ARANDA,4.6149,-74.1227,Plaza Central Centro Comercial,4.631885131344252,-74.11542177200317,Shopping Mall
161,PUENTE ARANDA,4.6149,-74.1227,La Poche Pescaderia,4.61206854353066,-74.13515846076845,Seafood Restaurant
162,PUENTE ARANDA,4.6149,-74.1227,Parque Ciudad Montes,4.602690465069198,-74.11552906036377,Park
163,PUENTE ARANDA,4.6149,-74.1227,Mercado Zapatoca,4.617209519614142,-74.12164301299686,Grocery Store
164,PUENTE ARANDA,4.6149,-74.1227,Sandwich Qbano Plaza de las Américas,4.619497845258063,-74.13517547323772,Sandwich Place
165,PUENTE ARANDA,4.6149,-74.1227,El Corral,4.619741132348266,-74.13514012872452,Burger Joint
166,PUENTE ARANDA,4.6149,-74.1227,Pepe ganga,4.61807077933419,-74.1342129174273,Toy / Game Store
167,PUENTE ARANDA,4.6149,-74.1227,Restaurante León,4.6145095166318315,-74.10373111578258,South American Restaurant
168,PUENTE ARANDA,4.6149,-74.1227,El Chingon Comida Mexicana,4.606432491938281,-74.11609776199086,Mexican Restaurant
169,PUENTE ARANDA,4.6149,-74.1227,Don Benítez,4.631840447954564,-74.11530565584721,Mexican Restaurant
170,PUENTE ARANDA,4.6149,-74.1227,Piquetadero Don Pascual,4.623939941860876,-74.11800368288024,Restaurant
171,PUENTE ARANDA,4.6149,-74.1227,Piqueteadero Donde Manuel,4.615594514389058,-74.13306264202579,BBQ Joint
172,PUENTE ARANDA,4.6149,-74.1227,Crepes & Waffles,4.619374775491387,-74.1354109168324,French Restaurant
173,PUENTE ARANDA,4.6149,-74.1227,Parque Primavera,4.61371212574957,-74.10879210451782,Park
174,PUENTE ARANDA,4.6149,-74.1227,Buffalo Wings,4.631785395520544,-74.11577807830791,Wings Joint
175,PUENTE ARANDA,4.6149,-74.1227,Donde Charles,4.634383136800948,-74.12785279273373,South American Restaurant
176,PUENTE ARANDA,4.6149,-74.1227,Crepes & Waffles Plaza Central,4.631612,-74.116012,Creperie
177,PUENTE ARANDA,4.6149,-74.1227,WOK,4.631750245121041,-74.11543788167975,Asian Restaurant
178,PUENTE ARANDA,4.6149,-74.1227,Cine Colombia,4.632053071467045,-74.11546979738742,Multiplex
179,PUENTE ARANDA,4.6149,-74.1227,Pescaderia Mar Y Mar,4.6142572877912915,-74.10232956285506,Seafood Restaurant
180,PUENTE ARANDA,4.6149,-74.1227,"Juan Valdez Café, Amerícas  Out",4.629815036426151,-74.11768100821996,Café
181,PUENTE ARANDA,4.6149,-74.1227,Pescaderia Marineros,4.614158208300813,-74.10229637358282,Seafood Restaurant
182,PUENTE ARANDA,4.6149,-74.1227,Farmatodo,4.6318599,-74.1155263,Pharmacy
183,PUENTE ARANDA,4.6149,-74.1227,Papa John's,4.591625791940824,-74.12466420179693,Pizza Place
184,PUENTE ARANDA,4.6149,-74.1227,Del Rodeo,4.617470909852757,-74.13637672997761,Burger Joint
185,PUENTE ARANDA,4.6149,-74.1227,Buffalo Wings,4.591667309642327,-74.12389856598912,Wings Joint
186,PUENTE ARANDA,4.6149,-74.1227,Brasas y Pollos,4.602680338541254,-74.11184540900605,Restaurant
187,PUENTE ARANDA,4.6149,-74.1227,Mr. Dog,4.61945395650178,-74.13750071011707,Hot Dog Joint
188,PUENTE ARANDA,4.6149,-74.1227,Bodytech Centro Mayor,4.591571431764492,-74.12361165404359,Gym / Fitness Center
189,PUENTE ARANDA,4.6149,-74.1227,BogoShake Factory - Fábrica de Malteadas,4.599089384549184,-74.10749551481834,Smoothie Shop
190,PUENTE ARANDA,4.6149,-74.1227,Club Deportivo Bavaria,4.633114212279791,-74.13498082655356,Sports Club
191,PUENTE ARANDA,4.6149,-74.1227,Falabella,4.633061389383339,-74.11398056818767,Department Store
192,PUENTE ARANDA,4.6149,-74.1227,Fantasías Del Mar,4.625800505961836,-74.1474542177538,Caribbean Restaurant
193,PUENTE ARANDA,4.6149,-74.1227,Crepes & Waffles,4.593221632664357,-74.12397643045296,French Restaurant
194,PUENTE ARANDA,4.6149,-74.1227,City Park CentroMayor,4.593077255289425,-74.12368916911527,Arcade
195,PUENTE ARANDA,4.6149,-74.1227,La Bonne Crepee,4.6071829204610975,-74.11724695219858,Creperie
196,PUENTE ARANDA,4.6149,-74.1227,Sandwich Qbano Mundo Aventura,4.620537780387442,-74.1373029323083,Sandwich Place
197,PUENTE ARANDA,4.6149,-74.1227,la berraquera,4.627094324778419,-74.14623291653741,Burger Joint
198,PUENTE ARANDA,4.6149,-74.1227,Teriyaki Plaza Central,4.631553,-74.116258,Japanese Restaurant
199,PUENTE ARANDA,4.6149,-74.1227,Azuki Manga,4.6210883412475985,-74.13785266392195,Japanese Restaurant
200,USAQUÉN,4.730458,-74.035666,Chopinar,4.724495660627525,-74.03249566472843,Buffet
201,USAQUÉN,4.730458,-74.035666,Harvey,4.72691051201831,-74.0357213800509,Fast Food Restaurant
202,USAQUÉN,4.730458,-74.035666,Da Quei Matti,4.72882880056242,-74.04109138714085,Italian Restaurant
203,USAQUÉN,4.730458,-74.035666,D1 calle 147,4.727946756487847,-74.0292344933041,Supermarket
204,USAQUÉN,4.730458,-74.035666,El Kiosco golosinas,4.7226577,-74.034035,Snack Place
205,USAQUÉN,4.730458,-74.035666,Madamia,4.73188173018741,-74.04181104348807,Dessert Shop
206,USAQUÉN,4.730458,-74.035666,Parque Cedritos,4.723524991889273,-74.03308868408203,Park
207,USAQUÉN,4.730458,-74.035666,Thai Station,4.72888457937698,-74.0409713736933,Thai Restaurant
208,USAQUÉN,4.730458,-74.035666,Hojaldres Y Postres,4.72455206459301,-74.03040342746327,Dessert Shop
209,USAQUÉN,4.730458,-74.035666,Casa Mexicana Express,4.72571,-74.03806,Mexican Restaurant
210,USAQUÉN,4.730458,-74.035666,Carulla,4.733016196823777,-74.04296556027633,Supermarket
211,USAQUÉN,4.730458,-74.035666,Wok,4.719637370608767,-74.03748908455442,Asian Restaurant
212,USAQUÉN,4.730458,-74.035666,Dolci Peccati Store,4.723411526796642,-74.02728973599523,Ice Cream Shop
213,USAQUÉN,4.730458,-74.035666,Golden Dance Academy,4.731102881300763,-74.04273525355072,Dance Studio
214,USAQUÉN,4.730458,-74.035666,Ciclovía,4.724147317554378,-74.03255118097998,Bike Rental / Bike Share
215,USAQUÉN,4.730458,-74.035666,avenida cero,4.724628,-74.033238,Restaurant
216,USAQUÉN,4.730458,-74.035666,Crepes & Waffles (Torre HHC Piso 10),4.719038,-74.036708,Creperie
217,USAQUÉN,4.730458,-74.035666,La Hamburguesería,4.728970409784067,-74.04095495004229,Burger Joint
218,USAQUÉN,4.730458,-74.035666,madamia,4.738145508925016,-74.02683799657473,Dessert Shop
219,USAQUÉN,4.730458,-74.035666,CatDog,4.731641783293459,-74.04480068904957,Pet Store
220,USAQUÉN,4.730458,-74.035666,Tostao',4.722692841916146,-74.04455662787849,Coffee Shop
221,USAQUÉN,4.730458,-74.035666,Parque Cedro Golf,4.72606977777203,-74.02785301208496,Park
222,USAQUÉN,4.730458,-74.035666,Arepas Venezolanas El Yaque,4.72738360166065,-74.03692322710262,Restaurant
223,USAQUÉN,4.730458,-74.035666,Homecenter y Constructor Cedritos,4.730394267170258,-74.03269410630429,Furniture / Home Store
224,USAQUÉN,4.730458,-74.035666,Pilato's,4.73731037740576,-74.04373602509172,Spa
225,USAQUÉN,4.730458,-74.035666,Bogota Beer Company Belaire Plaza,4.727042781669817,-74.0244573354721,Brewery
226,USAQUÉN,4.730458,-74.035666,Bodytech,4.723285405829244,-74.02672102410237,Gym
227,USAQUÉN,4.730458,-74.035666,Bogotá Beer Company - La Bodega Cll140,4.721681383878727,-74.04197581173423,Brewery
228,USAQUÉN,4.730458,-74.035666,Spinning Center Cedritros,4.725287038265255,-74.04571279135644,Gym / Fitness Center
229,USAQUÉN,4.730458,-74.035666,Teatro William Shakespeare,4.735925438073504,-74.04332614818789,Theater
230,USAQUÉN,4.730458,-74.035666,Carulla,4.7193858083068445,-74.03568398350586,Supermarket
231,USAQUÉN,4.730458,-74.035666,Crik La Hamburguesa 142,4.723683216771809,-74.04208412186736,Burger Joint
232,USAQUÉN,4.730458,-74.035666,P'kos Pan,4.732431,-74.044586,Bakery
233,USAQUÉN,4.730458,-74.035666,Crepes & Waffles,4.7223971060338865,-74.0467157371229,French Restaurant
234,USAQUÉN,4.730458,-74.035666,Bogotá Beer Company,4.722251331415455,-74.04666056309388,Brewery
235,USAQUÉN,4.730458,-74.035666,Dolci Peccati Gelato Bogotá,4.723448960547357,-74.0276224679104,Ice Cream Shop
236,USAQUÉN,4.730458,-74.035666,Cine Colombia,4.731891601021202,-74.04249038989316,Multiplex
237,USAQUÉN,4.730458,-74.035666,Pastelería La Rochelle,4.718779,-74.040336,Bakery
238,USAQUÉN,4.730458,-74.035666,Farmatodo,4.720830057987782,-74.04018976934623,Pharmacy
239,USAQUÉN,4.730458,-74.035666,Tostao',4.741086618316174,-74.04466611550396,Coffee Shop
240,USAQUÉN,4.730458,-74.035666,Don Jacobo,4.724555365627125,-74.04628664125327,Breakfast Spot
241,USAQUÉN,4.730458,-74.035666,Yanuba,4.733191115712617,-74.0445590354455,Diner
242,USAQUÉN,4.730458,-74.035666,Sandwich Qbano Cedritos,4.731889745647859,-74.04249243099748,Sandwich Place
243,USAQUÉN,4.730458,-74.035666,American Cheesecakes,4.727034881742773,-74.04585634738746,Pie Shop
244,USAQUÉN,4.730458,-74.035666,Supermercados Comunal de Colombia,4.733277959667856,-74.02897156514548,Supermarket
245,USAQUÉN,4.730458,-74.035666,Pepe Ganga,4.718694277348342,-74.03503409217797,Department Store
246,USAQUÉN,4.730458,-74.035666,Parque Belmira,4.718307082390586,-74.02921557426453,Park
247,USAQUÉN,4.730458,-74.035666,Frutimax,4.738223,-74.031621,Fruit & Vegetable Store
248,USAQUÉN,4.730458,-74.035666,Parque Alcalá,4.721450663714329,-74.04922485351562,Park
249,USAQUÉN,4.730458,-74.035666,Hamburguesas El Corral,4.722818919659835,-74.04633929059705,Burger Joint
250,BOGOTÁ,4.644584,-74.06563,Bogotá Burger,4.641284938645988,-74.0638118257236,Fast Food Restaurant
251,BOGOTÁ,4.644584,-74.06563,Insurgentes Taco Bar,4.641684512090215,-74.06144362007653,Taco Place
252,BOGOTÁ,4.644584,-74.06563,La Cocinita Verde,4.646735130167527,-74.06176527283094,Vegetarian / Vegan Restaurant
253,BOGOTÁ,4.644584,-74.06563,El Cebollero,4.642507066385258,-74.05964448778326,Hot Dog Joint
254,BOGOTÁ,4.644584,-74.06563,El Verdugo,4.6402736,-74.060646,Vegetarian / Vegan Restaurant
255,BOGOTÁ,4.644584,-74.06563,Video Club,4.650757359792242,-74.06350134274841,Nightclub
256,BOGOTÁ,4.644584,-74.06563,OXXO Chapinero,4.6423965950784565,-74.06472594731144,Supermarket
257,BOGOTÁ,4.644584,-74.06563,Oma,4.647909121526065,-74.06379928958981,Coffee Shop
258,BOGOTÁ,4.644584,-74.06563,Doméstica,4.642132439791727,-74.06164488151359,Bakery
259,BOGOTÁ,4.644584,-74.06563,Krost Bakery,4.646043706772271,-74.05992630652844,Bakery
260,BOGOTÁ,4.644584,-74.06563,Mesa Franca,4.641110080911217,-74.06193389651835,Restaurant
261,BOGOTÁ,4.644584,-74.06563,Farmatodo,4.641103699999999,-74.07152599999999,Pharmacy
262,BOGOTÁ,4.644584,-74.06563,Ciclovía,4.6383486000579985,-74.06473672298921,Bike Rental / Bike Share
263,BOGOTÁ,4.644584,-74.06563,Juan Valdez Café,4.639564664232615,-74.0629739012024,Café
264,BOGOTÁ,4.644584,-74.06563,Emilia Grace,4.6480820054925776,-74.05762016173774,Italian Restaurant
265,BOGOTÁ,4.644584,-74.06563,ORSO HELADERÍA,4.648807396691891,-74.05671606326176,Ice Cream Shop
266,BOGOTÁ,4.644584,-74.06563,Bistecca e Vino,4.651035081109635,-74.05793086537695,Italian Restaurant
267,BOGOTÁ,4.644584,-74.06563,Cantina Y Punto,4.648893115609529,-74.05695787403972,Mexican Restaurant
268,BOGOTÁ,4.644584,-74.06563,O.d.e.m. Bogotá,4.6493673,-74.06367,Beer Garden
269,BOGOTÁ,4.644584,-74.06563,La Fama Barbecue,4.648135790007728,-74.05672795897398,BBQ Joint
270,BOGOTÁ,4.644584,-74.06563,Starbucks,4.651284644290602,-74.05909642559236,Coffee Shop
271,BOGOTÁ,4.644584,-74.06563,Amor Perfecto,4.648939125038759,-74.05545014129005,Coffee Shop
272,BOGOTÁ,4.644584,-74.06563,Stromboli Deep Dish Pizza,4.654326162479096,-74.0600921619425,Pizza Place
273,BOGOTÁ,4.644584,-74.06563,Casa Tomada librería café,4.635310162322482,-74.07178667475861,Bookstore
274,BOGOTÁ,4.644584,-74.06563,Four Seasons Hotel Casa Medina Bogotá,4.65245608896089,-74.05658168977985,Hotel
275,BOGOTÁ,4.644584,-74.06563,Obleas Dany,4.652353375977684,-74.07402251707641,Cupcake Shop
276,BOGOTÁ,4.644584,-74.06563,Juan Valdez Café,4.65227237759962,-74.05585815605255,Coffee Shop
277,BOGOTÁ,4.644584,-74.06563,Oak: Ahumados & Brebajes,4.653821,-74.059718,American Restaurant
278,BOGOTÁ,4.644584,-74.06563,Criterión,4.651834296490814,-74.0559240314272,French Restaurant
279,BOGOTÁ,4.644584,-74.06563,Papa John's,4.640751352907754,-74.07374493978655,Pizza Place
280,BOGOTÁ,4.644584,-74.06563,Estadio Nemesio Camacho El Campín,4.646066788357322,-74.07728817622558,Soccer Stadium
281,BOGOTÁ,4.644584,-74.06563,Tornamesa G,4.651851703611042,-74.05525155578576,Bookstore
282,BOGOTÁ,4.644584,-74.06563,Vitto,4.650835853975315,-74.05564277215504,Bistro
283,BOGOTÁ,4.644584,-74.06563,El Chato,4.64802306306108,-74.05706483102693,Theme Restaurant
284,BOGOTÁ,4.644584,-74.06563,El Fogon de las Sopitas,4.633347837589807,-74.0670676199051,Soup Place
285,BOGOTÁ,4.644584,-74.06563,Movistar Arena,4.649305111320054,-74.07803177833557,Event Space
286,BOGOTÁ,4.644584,-74.06563,Nueve,4.655566942200805,-74.05923754660157,Tapas Restaurant
287,BOGOTÁ,4.644584,-74.06563,Starbucks,4.651548236807173,-74.05532920854186,Coffee Shop
288,BOGOTÁ,4.644584,-74.06563,Red Room,4.65619679382643,-74.06043911646299,Lounge
289,BOGOTÁ,4.644584,-74.06563,Masa 70,4.6518115821278085,-74.05500986436155,Bakery
290,BOGOTÁ,4.644584,-74.06563,Coctel del Mar,4.657502,-74.065303,Seafood Restaurant
291,BOGOTÁ,4.644584,-74.06563,Spinning Center,4.650960040645289,-74.05589644099811,Gym
292,BOGOTÁ,4.644584,-74.06563,Panamericana,4.641835636640577,-74.07385347951663,Paper / Office Supplies Store
293,BOGOTÁ,4.644584,-74.06563,Holiday Inn Express Zona Financiera,4.651306816522809,-74.0581161927202,Hotel
294,BOGOTÁ,4.644584,-74.06563,Home Burgers,4.653087259815611,-74.05428190736637,Burger Joint
295,BOGOTÁ,4.644584,-74.06563,La Divina Comedia Trattoria,4.6536495333152,-74.05500319906139,Italian Restaurant
296,BOGOTÁ,4.644584,-74.06563,The Artisan DC Hotel,4.653638,-74.054505,Hotel
297,BOGOTÁ,4.644584,-74.06563,Bodytech,4.642946144434086,-74.07428982530104,Gym / Fitness Center
298,BOGOTÁ,4.644584,-74.06563,Osaki,4.653787276063438,-74.05461905719416,Sushi Restaurant
299,BOGOTÁ,4.644584,-74.06563,Tornamesa,4.657127138553646,-74.05739760083158,Bookstore
300,BOSA,4.6305,-74.1945,Cinemark,4.636814,-74.18797,Movie Theater
301,BOSA,4.6305,-74.1945,Cinemark,4.639486410995682,-74.18377814164029,Movie Theater
302,BOSA,4.6305,-74.1945,Kattharsis,4.605434177871303,-74.18582208546376,Restaurant
303,BOSA,4.6305,-74.1945,Olímpica,4.63212039483214,-74.20153141021729,Department Store
304,BOSA,4.6305,-74.1945,Colsubsidio Chicala,4.623614037542715,-74.17916658311313,Department Store
305,BOSA,4.6305,-74.1945,Tiendas Metro Bosa,4.629960245322085,-74.19407486915588,Grocery Store
306,BOSA,4.6305,-74.1945,Micentro Porvenir,4.636714456981546,-74.18844593535157,Shopping Mall
307,BOSA,4.6305,-74.1945,Popsy Helado Gourmet Mi centro Porvenir,4.636687662936868,-74.18849363305144,Ice Cream Shop
308,BOSA,4.6305,-74.1945,Droguería Colsubsidio El Porvenir,4.6368043,-74.18849349999999,Pharmacy
309,BOSA,4.6305,-74.1945,Parque Bella Vista,4.645692187338323,-74.17594963750295,Park
310,BOSA,4.6305,-74.1945,Metro Milenio Plaza,4.630986851852436,-74.16805744171143,Grocery Store
311,CIUDAD BOLÍVAR,4.556728,-74.149655,Cinemark,4.5822325,-74.15673,Movie Theater
312,CIUDAD BOLÍVAR,4.556728,-74.149655,Guacamola,4.568660592163688,-74.14403557777405,Burger Joint
313,CIUDAD BOLÍVAR,4.556728,-74.149655,Parque Metropolitano El Tunal,4.571804840655415,-74.13441181182861,Park
314,CIUDAD BOLÍVAR,4.556728,-74.149655,Las Quintas Del Sur,4.546106538028184,-74.13999848484809,Park
315,RAFAEL URIBE URIBE,4.5653,-74.1164,"Autenticos  Tamales Tolimenses ""Donde Carlos""",4.577050620024722,-74.10825594488291,Food Truck
316,RAFAEL URIBE URIBE,4.5653,-74.1164,Postreria Almibar,4.573019914423601,-74.10075387072071,Dessert Shop
317,RAFAEL URIBE URIBE,4.5653,-74.1164,Al Chile Comida Mexicana.,4.581355828546837,-74.11576338358931,Mexican Restaurant
318,RAFAEL URIBE URIBE,4.5653,-74.1164,Bosque San Carlos,4.574397031602281,-74.10578398758129,Park
319,RAFAEL URIBE URIBE,4.5653,-74.1164,Salsamentaria San Juan,4.579954076698655,-74.12681760289922,Burger Joint
320,RAFAEL URIBE URIBE,4.5653,-74.1164,Sandwich Qbano Restrepo,4.584439689552816,-74.09970317831421,Sandwich Place
321,RAFAEL URIBE URIBE,4.5653,-74.1164,Pasteleria Guernika,4.586891048300204,-74.10022794127197,Pie Shop
322,RAFAEL URIBE URIBE,4.5653,-74.1164,Belleza Profesional cosméticos y capilares,4.5855090939569045,-74.09938567665176,Salon / Barbershop
323,RAFAEL URIBE URIBE,4.5653,-74.1164,Tamales El Gordo,4.586183182646519,-74.12854351428504,Cajun / Creole Restaurant
324,RAFAEL URIBE URIBE,4.5653,-74.1164,Bar Pescadero Del Restrepo,4.587760644947771,-74.10726946002409,Seafood Restaurant
325,RAFAEL URIBE URIBE,4.5653,-74.1164,Quiroga,4.579048431324581,-74.11609028585781,Neighborhood
326,RAFAEL URIBE URIBE,4.5653,-74.1164,Boliche Escape,4.584408948531262,-74.10150530247026,Bowling Alley
327,RAFAEL URIBE URIBE,4.5653,-74.1164,El imperio del Pacifico,4.583197344845602,-74.10343244347999,Seafood Restaurant
328,RAFAEL URIBE URIBE,4.5653,-74.1164,Wenbrulee,4.585942121458626,-74.09984623580628,Restaurant
329,RAFAEL URIBE URIBE,4.5653,-74.1164,Kokoriko,4.586530064512324,-74.1002820582154,Fried Chicken Joint
330,RAFAEL URIBE URIBE,4.5653,-74.1164,Bogotá Beer Company,4.591193338231392,-74.12392055687195,Bar
331,RAFAEL URIBE URIBE,4.5653,-74.1164,Parque Metropolitano El Tunal,4.571804840655415,-74.13441181182861,Park
332,RAFAEL URIBE URIBE,4.5653,-74.1164,La Parrilla de Gus,4.582726949492712,-74.09706018463002,BBQ Joint
333,RAFAEL URIBE URIBE,4.5653,-74.1164,Farmatodo,4.585889000102238,-74.10245740436747,Convenience Store
334,RAFAEL URIBE URIBE,4.5653,-74.1164,Cine Colombia,4.590856427963277,-74.12404130041187,Multiplex
335,RAFAEL URIBE URIBE,4.5653,-74.1164,Subway,4.584644,-74.101163,Sandwich Place
336,RAFAEL URIBE URIBE,4.5653,-74.1164,La Barra Del Negro,4.579702,-74.094555,Burger Joint
337,RAFAEL URIBE URIBE,4.5653,-74.1164,Viva la Pizza,4.585452735859928,-74.10066089748031,Pizza Place
338,RAFAEL URIBE URIBE,4.5653,-74.1164,Sandwich Qbano Centro Mayor,4.591020439499561,-74.12450535197205,Sandwich Place
339,RAFAEL URIBE URIBE,4.5653,-74.1164,Asadero De Carnes Mi Ranchito,4.582917198195783,-74.10265814812773,Steakhouse
340,RAFAEL URIBE URIBE,4.5653,-74.1164,Exito Super Ciudad Jardin,4.582278312320601,-74.09690831740077,Convenience Store
341,RAFAEL URIBE URIBE,4.5653,-74.1164,El Carnal,4.591044520427467,-74.12447398102509,Mexican Restaurant
342,RAFAEL URIBE URIBE,4.5653,-74.1164,Asadero de Carne Santander Sur,4.591368823162111,-74.11302565804333,BBQ Joint
343,RAFAEL URIBE URIBE,4.5653,-74.1164,Farmatodo,4.5900515,-74.1237776,Pharmacy
344,RAFAEL URIBE URIBE,4.5653,-74.1164,McDonald's,4.57832965192537,-74.13041033937334,Fast Food Restaurant
345,RAFAEL URIBE URIBE,4.5653,-74.1164,Dunkin Donuts restrepo,4.58585323686744,-74.10131602861148,Donut Shop
346,RAFAEL URIBE URIBE,4.5653,-74.1164,Locatel,4.585425609284191,-74.10106939878742,Drugstore
347,RAFAEL URIBE URIBE,4.5653,-74.1164,Asadero El Gran Rodeo,4.5903343,-74.10781141,Food Court
348,RAFAEL URIBE URIBE,4.5653,-74.1164,Parque Marruecos,4.554475025352879,-74.11565441603979,Park
349,RAFAEL URIBE URIBE,4.5653,-74.1164,KFC,4.578355014214516,-74.13042180874075,Fast Food Restaurant
350,RAFAEL URIBE URIBE,4.5653,-74.1164,plaza del restrepo,4.58504701073178,-74.10278774378973,Miscellaneous Shop
351,RAFAEL URIBE URIBE,4.5653,-74.1164,Estadio Olaya Herrera,4.5832596825302865,-74.10748166941381,Soccer Field
352,RAFAEL URIBE URIBE,4.5653,-74.1164,Donde Canta La Rana,4.58800959976552,-74.10697689771483,BBQ Joint
353,RAFAEL URIBE URIBE,4.5653,-74.1164,La mojarra roja,4.587491555732059,-74.10352994711299,Seafood Restaurant
354,RAFAEL URIBE URIBE,4.5653,-74.1164,Tatto's,4.585510206003034,-74.09937366649095,Fast Food Restaurant
355,RAFAEL URIBE URIBE,4.5653,-74.1164,Only Restrepo,4.5866083231673125,-74.10094261219679,Clothing Store
356,RAFAEL URIBE URIBE,4.5653,-74.1164,Ktronix,4.590120792249022,-74.12408831701241,Electronics Store
357,RAFAEL URIBE URIBE,4.5653,-74.1164,Sopas y carnes del Restrepo,4.587373733520508,-74.10382843017578,BBQ Joint
358,RAFAEL URIBE URIBE,4.5653,-74.1164,Casa Del Kumis,4.59116577309634,-74.12392429945336,Breakfast Spot
359,RAFAEL URIBE URIBE,4.5653,-74.1164,Olímpica Restrepo,4.585496570036861,-74.09936797182502,Department Store
360,RAFAEL URIBE URIBE,4.5653,-74.1164,Exito Centenario,4.586586573619118,-74.11052139920982,Grocery Store
361,RAFAEL URIBE URIBE,4.5653,-74.1164,Panamericana,4.585677139994437,-74.10167273685555,Paper / Office Supplies Store
362,RAFAEL URIBE URIBE,4.5653,-74.1164,Molispan,4.552703873308193,-74.11739510361365,Bakery
363,RAFAEL URIBE URIBE,4.5653,-74.1164,Cinemas Procinal,4.57856739606012,-74.13077735878167,Multiplex
364,RAFAEL URIBE URIBE,4.5653,-74.1164,Exito Tunal,4.577871472984508,-74.13043210173662,Department Store
365,KENNEDY,4.6268,-74.1573,Fantasías Del Mar,4.625800505961836,-74.1474542177538,Caribbean Restaurant
366,KENNEDY,4.6268,-74.1573,Empanadas de las Buenas,4.622304020752181,-74.15148833858753,Restaurant
367,KENNEDY,4.6268,-74.1573,La Jugueteria,4.6207876,-74.15141,Latin American Restaurant
368,KENNEDY,4.6268,-74.1573,Centro Histórico de Cartagena de Indias,4.620661799165723,-74.15930517484668,Historic Site
369,KENNEDY,4.6268,-74.1573,la berraquera,4.627094324778419,-74.14623291653741,Burger Joint
370,KENNEDY,4.6268,-74.1573,Carbú: Hamburguesas Ahumadas de Res,4.626092085056964,-74.1469988625505,Burger Joint
371,KENNEDY,4.6268,-74.1573,Papa John's,4.620974960458993,-74.1517499102271,Pizza Place
372,KENNEDY,4.6268,-74.1573,Aeropuerto Olaya Herrera Medellin,4.616312108107953,-74.16709150599077,Airport
373,KENNEDY,4.6268,-74.1573,Parque Timiza,4.609021425058681,-74.15397047996521,Park
374,KENNEDY,4.6268,-74.1573,Canterbury Café,4.619729357729142,-74.13745092392415,Cocktail Bar
375,KENNEDY,4.6268,-74.1573,Piqueteadero Don Jorge,4.61746662794648,-74.16373498496391,BBQ Joint
376,KENNEDY,4.6268,-74.1573,Bodytech Centro Médico Deportivo,4.618658518843998,-74.15946900373586,Gym
377,KENNEDY,4.6268,-74.1573,Zoi Wok,4.626906132639257,-74.14632914353639,Asian Restaurant
378,KENNEDY,4.6268,-74.1573,Polideportivo Cayetano Cañizares,4.6263294,-74.16094,Soccer Field
379,KENNEDY,4.6268,-74.1573,McDonald's,4.620910182556525,-74.15180449606852,Fast Food Restaurant
380,KENNEDY,4.6268,-74.1573,La Toya,4.624359020107933,-74.1481948059814,Restaurant
381,KENNEDY,4.6268,-74.1573,Bogotá Beer Company,4.618572142222209,-74.1344932960699,Brewery
382,KENNEDY,4.6268,-74.1573,IMAX Procinal,4.619551843838605,-74.13540283634656,Movie Theater
383,KENNEDY,4.6268,-74.1573,Juan Valdez Café,4.6180684924142,-74.13529638372107,Coffee Shop
384,KENNEDY,4.6268,-74.1573,Leños y Palos,4.637339275010216,-74.14209152530486,BBQ Joint
385,KENNEDY,4.6268,-74.1573,Resturante El Carnal,4.619656501096342,-74.13510116231876,Mexican Restaurant
386,KENNEDY,4.6268,-74.1573,Club Deportivo Bavaria,4.633114212279791,-74.13498082655356,Sports Club
387,KENNEDY,4.6268,-74.1573,Sandwich Qbano Plaza de las Américas,4.619497845258063,-74.13517547323772,Sandwich Place
388,KENNEDY,4.6268,-74.1573,El Corral,4.619741132348266,-74.13514012872452,Burger Joint
389,KENNEDY,4.6268,-74.1573,FX GYM,4.627225100812164,-74.14543725081757,Gym
390,KENNEDY,4.6268,-74.1573,Parque El Triangulo,4.625308541424425,-74.14360075410204,Park
391,KENNEDY,4.6268,-74.1573,Crepes & Waffles,4.619374775491387,-74.1354109168324,French Restaurant
392,KENNEDY,4.6268,-74.1573,BHB Fitness GYM,4.638509801656715,-74.13655844966279,Gym
393,KENNEDY,4.6268,-74.1573,Panadería Kutty,4.646059083860779,-74.14726871507447,Bakery
394,KENNEDY,4.6268,-74.1573,Mr. Dog,4.61945395650178,-74.13750071011707,Hot Dog Joint
395,KENNEDY,4.6268,-74.1573,Parque Villa Del Río,4.602971234365273,-74.15494170535676,Park
396,KENNEDY,4.6268,-74.1573,Pepe ganga,4.61807077933419,-74.1342129174273,Toy / Game Store
397,KENNEDY,4.6268,-74.1573,Sandwich Qbano Tintal Plaza,4.643193977209822,-74.15631784344278,Fast Food Restaurant
398,KENNEDY,4.6268,-74.1573,Corabastos S.A.,4.63238231757924,-74.16115994954944,Farmers Market
399,KENNEDY,4.6268,-74.1573,Azuki Manga,4.6210883412475985,-74.13785266392195,Japanese Restaurant
400,KENNEDY,4.6268,-74.1573,La Poche Pescaderia,4.61206854353066,-74.13515846076845,Seafood Restaurant
401,KENNEDY,4.6268,-74.1573,Pizza House Gourmet,4.643697488861043,-74.13695728391063,Pizza Place
402,KENNEDY,4.6268,-74.1573,Sandwich Qbano Mundo Aventura,4.620537780387442,-74.1373029323083,Sandwich Place
403,KENNEDY,4.6268,-74.1573,Burguer Prehis,4.627695422603069,-74.14123230717871,Fast Food Restaurant
404,KENNEDY,4.6268,-74.1573,Del Rodeo,4.617470909852757,-74.13637672997761,Burger Joint
405,KENNEDY,4.6268,-74.1573,SADC,4.621348307121858,-74.14306635805191,Car Wash
406,KENNEDY,4.6268,-74.1573,Plaza De Mercado De Kennedy,4.619746925583783,-74.16022257985303,Farmers Market
407,KENNEDY,4.6268,-74.1573,Cruzando Las Fronteras,4.64361569132763,-74.13719434728867,Fast Food Restaurant
408,KENNEDY,4.6268,-74.1573,Charlie Parrilla,4.638107151849822,-74.14068385782117,BBQ Joint
409,KENNEDY,4.6268,-74.1573,Piqueteadero Donde Manuel,4.615594514389058,-74.13306264202579,BBQ Joint
410,KENNEDY,4.6268,-74.1573,Plaza de Comidas C.C. Plaza de las Americas,4.618077006815768,-74.13712553356763,Fast Food Restaurant
411,KENNEDY,4.6268,-74.1573,Super Dog Paisa,4.628399658812807,-74.14100053147737,Hot Dog Joint
412,KENNEDY,4.6268,-74.1573,Adidas Performance Store,4.6116118168045706,-74.1407095478004,Sporting Goods Shop
413,KENNEDY,4.6268,-74.1573,Harusame wok,4.637911135633219,-74.14026226658196,Asian Restaurant
414,KENNEDY,4.6268,-74.1573,Juan Valdez Café,4.641741280823296,-74.13738358489077,Coffee Shop
415,BARRIOS UNIDOS,4.671811,-74.073197,Mi gran parrilla boyacense,4.666876162386872,-74.07484946800069,Latin American Restaurant
416,BARRIOS UNIDOS,4.671811,-74.073197,Club Social De Tejo El Porvenir Del Norte,4.673453406833481,-74.07708740542733,Hockey Field
417,BARRIOS UNIDOS,4.671811,-74.073197,Jägerhütte,4.673405242923294,-74.06241071808965,German Restaurant
418,BARRIOS UNIDOS,4.671811,-74.073197,Riquisimo - Postres y Helados Principal,4.668365684741178,-74.08366159565784,Dessert Shop
419,BARRIOS UNIDOS,4.671811,-74.073197,La Gran Colombia,4.660698413668435,-74.0678402448675,Bakery
420,BARRIOS UNIDOS,4.671811,-74.073197,Compania del Sabor,4.659463013808897,-74.06962510787861,Fried Chicken Joint
421,BARRIOS UNIDOS,4.671811,-74.073197,Vasconia,4.686285470284307,-74.06921903923343,Bakery
422,BARRIOS UNIDOS,4.671811,-74.073197,Centro Canino Cruz Roja,4.665529769653475,-74.0861505600684,Dog Run
423,BARRIOS UNIDOS,4.671811,-74.073197,Euro Snack,4.671697064114313,-74.05815984759974,German Restaurant
424,BARRIOS UNIDOS,4.671811,-74.073197,Coctel del Mar,4.657502,-74.065303,Seafood Restaurant
425,BARRIOS UNIDOS,4.671811,-74.073197,"Brisas del Mar, Cevicheria.",4.659427708870597,-74.07011379715127,Seafood Restaurant
426,BARRIOS UNIDOS,4.671811,-74.073197,Bodytech Point 83,4.670073857007112,-74.05950738276128,Gym
427,BARRIOS UNIDOS,4.671811,-74.073197,Parque El Virrey,4.673457325964844,-74.05498410499858,Park
428,BARRIOS UNIDOS,4.671811,-74.073197,Cremeria Italiana,4.665472362644405,-74.05671312026827,Ice Cream Shop
429,BARRIOS UNIDOS,4.671811,-74.073197,Restaurante Los Galenos,4.680236432641787,-74.05740140607165,Restaurant
430,BARRIOS UNIDOS,4.671811,-74.073197,Teatro Nacional La Castellana,4.683710924825664,-74.06002298734226,Theater
431,BARRIOS UNIDOS,4.671811,-74.073197,Campo de Practica Fedegolf,4.6633995841681655,-74.08451004663337,Golf Course
432,BARRIOS UNIDOS,4.671811,-74.073197,Cafe Monstruo,4.670741835867107,-74.05689361669054,Coffee Shop
433,BARRIOS UNIDOS,4.671811,-74.073197,Les amis Bizcochería,4.670886502184531,-74.05410719371818,Bakery
434,BARRIOS UNIDOS,4.671811,-74.073197,i Love Tokio Store,4.668898879298664,-74.05530359525378,Gift Shop
435,BARRIOS UNIDOS,4.671811,-74.073197,RPM Records BOG,4.668163782150335,-74.05491938180356,Record Shop
436,BARRIOS UNIDOS,4.671811,-74.073197,Panacée Boutique Bakery,4.662874187067022,-74.05754663622973,Bakery
437,BARRIOS UNIDOS,4.671811,-74.073197,GHL HAMILTON BOGOTÁ HOTEL,4.667013442798415,-74.05580616924577,Roof Deck
438,BARRIOS UNIDOS,4.671811,-74.073197,Callao Sanguchería,4.664814209671388,-74.05665515292554,Latin American Restaurant
439,BARRIOS UNIDOS,4.671811,-74.073197,Agrocampo,4.661520298030683,-74.06181622316988,Pet Store
440,BARRIOS UNIDOS,4.671811,-74.073197,WOK,4.667498,-74.054505,Asian Restaurant
441,BARRIOS UNIDOS,4.671811,-74.073197,Restaurante La Casa Del Viudo,4.683859647691606,-74.06251951633436,Seafood Restaurant
442,BARRIOS UNIDOS,4.671811,-74.073197,La Brasserie,4.669580570879838,-74.05355965789451,French Restaurant
443,BARRIOS UNIDOS,4.671811,-74.073197,Osaka - Cocina Nikkei,4.669464798431299,-74.05359536794212,Asian Restaurant
444,BARRIOS UNIDOS,4.671811,-74.073197,Zona T,4.667519941216236,-74.05387686428558,Plaza
445,BARRIOS UNIDOS,4.671811,-74.073197,Andrés D.C.,4.666376037870644,-74.05442894220697,Steakhouse
446,BARRIOS UNIDOS,4.671811,-74.073197,Central Cevichería,4.669329936768817,-74.05353204721483,Seafood Restaurant
447,BARRIOS UNIDOS,4.671811,-74.073197,Hall 74 - Centro de Eventos Universidad Sergio Arboleda,4.660539274109734,-74.06012409764578,Amphitheater
448,BARRIOS UNIDOS,4.671811,-74.073197,Food Truck Park,4.6664679537587626,-74.05527669084262,Food Truck
449,BARRIOS UNIDOS,4.671811,-74.073197,Super Wow Nail Art Printer,4.665042704646933,-74.0559074574786,Cosmetics Shop
450,BARRIOS UNIDOS,4.671811,-74.073197,Upperside,4.666425539196676,-74.05526098963117,Cocktail Bar
451,BARRIOS UNIDOS,4.671811,-74.073197,Di Lucca,4.6695077578919415,-74.05343807879011,Italian Restaurant
452,BARRIOS UNIDOS,4.671811,-74.073197,Primi,4.6702436701625425,-74.05320001998568,Italian Restaurant
453,BARRIOS UNIDOS,4.671811,-74.073197,Coffee & Jesus,4.684754836980385,-74.06276444802704,Café
454,BARRIOS UNIDOS,4.671811,-74.073197,Obleas Dany,4.652353375977684,-74.07402251707641,Cupcake Shop
455,BARRIOS UNIDOS,4.671811,-74.073197,Sr Grill,4.688403539599489,-74.06237548812881,Restaurant
456,BARRIOS UNIDOS,4.671811,-74.073197,Crepes & Waffles,4.66776965235435,-74.05369360941366,French Restaurant
457,BARRIOS UNIDOS,4.671811,-74.073197,Upper Side 81st  Street,4.6664628387860505,-74.05513179202947,Restaurant
458,BARRIOS UNIDOS,4.671811,-74.073197,Sofitel Bogota Victoria Regia,4.670042301702458,-74.05322123557589,Hotel
459,BARRIOS UNIDOS,4.671811,-74.073197,La Plaza de Andrés,4.666494031144577,-74.05398780738452,BBQ Joint
460,BARRIOS UNIDOS,4.671811,-74.073197,barberia cut club,4.668496025524076,-74.05563273676316,Health & Beauty Service
461,BARRIOS UNIDOS,4.671811,-74.073197,Tremenda Sal & Dulce,4.677484556806707,-74.05412538444344,Restaurant
462,BARRIOS UNIDOS,4.671811,-74.073197,Bogotá Beer Company,4.66929360902113,-74.05379344068704,Brewery
463,BARRIOS UNIDOS,4.671811,-74.073197,Julia,4.669015710695594,-74.05351906021663,Pizza Place
464,BARRIOS UNIDOS,4.671811,-74.073197,Chicheria Demente,4.6568252186333545,-74.06415322153556,BBQ Joint
465,ENGATIVÁ,4.7071,-74.1072,Parque San Andrés Bochica,4.713011140892845,-74.11029772265745,Athletics & Sports
466,ENGATIVÁ,4.7071,-74.1072,Crepes & Waffles,4.711217933497585,-74.11184906959534,Ice Cream Shop
467,ENGATIVÁ,4.7071,-74.1072,Juan Valdez Café,4.710925785608111,-74.11183840655337,Café
468,ENGATIVÁ,4.7071,-74.1072,La Luneria café,4.709039887597741,-74.11387554342929,Breakfast Spot
469,ENGATIVÁ,4.7071,-74.1072,BODYTECH,4.710924711820623,-74.11242661554857,Gym
470,ENGATIVÁ,4.7071,-74.1072,El Carnal,4.71057105236233,-74.1120844961293,Mexican Restaurant
471,ENGATIVÁ,4.7071,-74.1072,Pescaderia El Velero,4.700926201488641,-74.09785674135921,Seafood Restaurant
472,ENGATIVÁ,4.7071,-74.1072,Torta Española,4.6940326573295055,-74.0999911063873,Bakery
473,ENGATIVÁ,4.7071,-74.1072,Cinepolis Diverplaza,4.700912,-74.115279,Movie Theater
474,ENGATIVÁ,4.7071,-74.1072,Tranvia,4.71816485211446,-74.11115548534717,Restaurant
475,ENGATIVÁ,4.7071,-74.1072,Crepes & Waffles,4.697899058270925,-74.10578972301872,Restaurant
476,ENGATIVÁ,4.7071,-74.1072,Supermercado Ricaurte,4.705477209341125,-74.10873988326601,Convenience Store
477,ENGATIVÁ,4.7071,-74.1072,Polideportivo SAN ANDRÉS,4.712630000499502,-74.11127845633182,Park
478,ENGATIVÁ,4.7071,-74.1072,Crepes & Waffles,4.701243809312747,-74.11562202937046,Ice Cream Shop
479,ENGATIVÁ,4.7071,-74.1072,Crepes & Waffles,4.694761534398693,-74.08642029509838,Restaurant
480,ENGATIVÁ,4.7071,-74.1072,Hamburguesas El Corral,4.701028966224604,-74.11593027731213,Burger Joint
481,ENGATIVÁ,4.7071,-74.1072,WOK Titán,4.694741365812211,-74.08641260307732,Asian Restaurant
482,ENGATIVÁ,4.7071,-74.1072,Club Los Lagartos,4.708334746436523,-74.08344886775282,Golf Course
483,ENGATIVÁ,4.7071,-74.1072,Pull & Bear,4.694538938253154,-74.08714862769065,Clothing Store
484,ENGATIVÁ,4.7071,-74.1072,Sipote Burrito,4.694948004535463,-74.08666647166582,Burrito Place
485,ENGATIVÁ,4.7071,-74.1072,Falabella,4.701186323787582,-74.11581161081409,Department Store
486,ENGATIVÁ,4.7071,-74.1072,Bogotá Beer Company,4.694000837310982,-74.0862981491167,Brewery
487,ENGATIVÁ,4.7071,-74.1072,Hamburguesería El Antojo,4.716156482696533,-74.123779296875,Fast Food Restaurant
488,ENGATIVÁ,4.7071,-74.1072,Cinnabon,4.694564581490571,-74.08688069564826,Bakery
489,ENGATIVÁ,4.7071,-74.1072,chorizos el chamo,4.717832201831927,-74.11179462989102,Fast Food Restaurant
490,ENGATIVÁ,4.7071,-74.1072,Starbucks,4.683709452337445,-74.119980845504,Coffee Shop
491,ENGATIVÁ,4.7071,-74.1072,Hamburguesas El Corral,4.710608887197677,-74.11214720604687,Burger Joint
492,ENGATIVÁ,4.7071,-74.1072,Spinning Center,4.722602457095614,-74.114627343303,Gym / Fitness Center
493,ENGATIVÁ,4.7071,-74.1072,Bolera Diver Plaza,4.7000417460394495,-74.11536765902797,Bowling Alley
494,ENGATIVÁ,4.7071,-74.1072,Papa John's,4.6954233394731455,-74.08642421960404,Pizza Place
495,ENGATIVÁ,4.7071,-74.1072,La Pizzeta,4.7265692409892965,-74.11421124490099,Pizza Place
496,ENGATIVÁ,4.7071,-74.1072,Cine Colombia | Multiplex Titán Plaza,4.6946447898622425,-74.08632545720727,Multiplex
497,ENGATIVÁ,4.7071,-74.1072,Parque La Serena,4.7097102771229356,-74.0928053855896,Park
498,ENGATIVÁ,4.7071,-74.1072,Pan del Carajo,4.72247314867567,-74.11878201335801,Bakery
499,ENGATIVÁ,4.7071,-74.1072,KFC,4.7106978395006935,-74.11211580383339,Fast Food Restaurant
500,ENGATIVÁ,4.7071,-74.1072,Colsubsidio Mini-Mercado,4.719371141858257,-74.1192732518287,Fruit & Vegetable Store
501,ENGATIVÁ,4.7071,-74.1072,Bershka,4.694706762734374,-74.08635406223489,Clothing Store
502,ENGATIVÁ,4.7071,-74.1072,Archie`s,4.694714922358298,-74.08640052507393,Italian Restaurant
503,ENGATIVÁ,4.7071,-74.1072,Empanadas De La Cima,4.698163093684106,-74.09272967850411,Ethiopian Restaurant
504,ENGATIVÁ,4.7071,-74.1072,Fittown - Functional Training Fitness,4.691294776307182,-74.09393169294462,Gym
505,ENGATIVÁ,4.7071,-74.1072,Titán Plaza,4.694903448398002,-74.08632837710067,Shopping Mall
506,ENGATIVÁ,4.7071,-74.1072,Bósforo,4.695669287975905,-74.08636852931053,Turkish Restaurant
507,ENGATIVÁ,4.7071,-74.1072,Chiles & Tacos,4.712005650864009,-74.11486870078193,Mexican Restaurant
508,ENGATIVÁ,4.7071,-74.1072,Master Sushi (Titán Plaza),4.694487702057156,-74.08666106658144,Sushi Restaurant
509,ENGATIVÁ,4.7071,-74.1072,La Parrilla Moderna,4.687642938171957,-74.1190643045289,Steakhouse
510,ENGATIVÁ,4.7071,-74.1072,Avalon,4.724160632846639,-74.11415933184378,Bar
511,ENGATIVÁ,4.7071,-74.1072,Comboy Pizza Quirigua,4.70801050312895,-74.10507822556183,Fast Food Restaurant
512,ENGATIVÁ,4.7071,-74.1072,Corral Gourmet,4.694740325373551,-74.08638989000379,Gastropub
513,ENGATIVÁ,4.7071,-74.1072,Tienda D1 Pontevedra,4.7003578870461435,-74.08133698835628,Big Box Store
514,ENGATIVÁ,4.7071,-74.1072,Yogen Früz,4.695347263904793,-74.08632837710066,Ice Cream Shop
515,SUMAPAZ,4.034746,-74.315224,Sumapaz,4.028625,-74.315267,Park
516,TEUSAQUILLO,4.6448,-74.0938,Grand Hyatt Bogotá,4.64409238189599,-74.09975526331925,Hotel
517,TEUSAQUILLO,4.6448,-74.0938,Crepes & Waffles,4.639817607897745,-74.09846959815708,French Restaurant
518,TEUSAQUILLO,4.6448,-74.0938,WOK,4.64782119927913,-74.10166453875642,Asian Restaurant
519,TEUSAQUILLO,4.6448,-74.0938,La Quiche,4.6449421537180235,-74.08750489864323,French Restaurant
520,TEUSAQUILLO,4.6448,-74.0938,Balsámico,4.647690386021012,-74.1012704372406,Restaurant
521,TEUSAQUILLO,4.6448,-74.0938,Crepes & Waffles,4.64691223641489,-74.10168419101599,French Restaurant
522,TEUSAQUILLO,4.6448,-74.0938,La Plaza de Andrés,4.646030958650947,-74.1027735033314,Restaurant
523,TEUSAQUILLO,4.6448,-74.0938,Starbucks,4.64710437906235,-74.10165043376922,Coffee Shop
524,TEUSAQUILLO,4.6448,-74.0938,Capitalino,4.644014,-74.09984,Restaurant
525,TEUSAQUILLO,4.6448,-74.0938,Centro Comercial Gran Estación,4.647377134283347,-74.10176340285865,Shopping Mall
526,TEUSAQUILLO,4.6448,-74.0938,El Corral Gourmet,4.639302089690826,-74.09820837616714,Burger Joint
527,TEUSAQUILLO,4.6448,-74.0938,Radisson AR Hotel Bogotá Airport,4.641963962844223,-74.10506844520569,Hotel
528,TEUSAQUILLO,4.6448,-74.0938,Cine Colombia,4.647768238606959,-74.10217744901047,Multiplex
529,TEUSAQUILLO,4.6448,-74.0938,Hornitos,4.6334443870645785,-74.09453699579105,Bakery
530,TEUSAQUILLO,4.6448,-74.0938,Parque Metropolitano Simón Bolívar,4.658298314947624,-74.09372806549072,Park
531,TEUSAQUILLO,4.6448,-74.0938,ar SPA,4.641721382057787,-74.10513401315848,Spa
532,TEUSAQUILLO,4.6448,-74.0938,Crepes & Waffles,4.645998896454952,-74.10270722314328,French Restaurant
533,TEUSAQUILLO,4.6448,-74.0938,Decathlon,4.650854145215947,-74.10692509117042,Sporting Goods Shop
534,TEUSAQUILLO,4.6448,-74.0938,Cinepolis,4.650724,-74.10616,Multiplex
535,TEUSAQUILLO,4.6448,-74.0938,Movistar Arena,4.649305111320054,-74.07803177833557,Event Space
536,TEUSAQUILLO,4.6448,-74.0938,Chuleta y Champus,4.643391826756495,-74.09086005756592,Latin American Restaurant
537,TEUSAQUILLO,4.6448,-74.0938,Gimnasio Colsubsidio El Cubo,4.642742677122461,-74.08038050657586,Gym / Fitness Center
538,TEUSAQUILLO,4.6448,-74.0938,C.c Gran Estacion Etapa 2,4.646913,-74.101594,Shopping Mall
539,TEUSAQUILLO,4.6448,-74.0938,Panadería Vasconia,4.63328318710171,-74.09495537433587,Bakery
540,TEUSAQUILLO,4.6448,-74.0938,Hilton,4.628499,-74.091045,Hotel
541,TEUSAQUILLO,4.6448,-74.0938,Estadio Nemesio Camacho El Campín,4.646066788357322,-74.07728817622558,Soccer Stadium
542,TEUSAQUILLO,4.6448,-74.0938,Bogotá Beer Company,4.655735092718827,-74.10647139187061,Pub
543,TEUSAQUILLO,4.6448,-74.0938,wembley stadium quinta paredes,4.637400804053267,-74.09755345450189,Soccer Stadium
544,TEUSAQUILLO,4.6448,-74.0938,DNA Music,4.635006916688757,-74.07844643809078,University
545,TEUSAQUILLO,4.6448,-74.0938,Yenny & Beto,4.6333021264965994,-74.08950083417795,Fast Food Restaurant
546,TEUSAQUILLO,4.6448,-74.0938,Bodytech,4.655876965218748,-74.10654083437831,Gym
547,TEUSAQUILLO,4.6448,-74.0938,La Toscana - Panadería y Pastelería,4.628976562498573,-74.08772222738078,Bakery
548,TEUSAQUILLO,4.6448,-74.0938,Crepes & Waffles,4.65299083749478,-74.10941468494434,Latin American Restaurant
549,TEUSAQUILLO,4.6448,-74.0938,Parque de Los Novios,4.652946583181357,-74.08124618550426,Park
550,TEUSAQUILLO,4.6448,-74.0938,Hamburguesas El Corral,4.654094333484258,-74.11014525136824,Fast Food Restaurant
551,TEUSAQUILLO,4.6448,-74.0938,Cosechas,4.657581706226286,-74.10643782631428,Juice Bar
552,TEUSAQUILLO,4.6448,-74.0938,Piscina CUR compensar,4.6627381227288405,-74.10310551916486,Pool
553,TEUSAQUILLO,4.6448,-74.0938,Carulla Pablo VI,4.6488732182588555,-74.08728357159535,Grocery Store
554,TEUSAQUILLO,4.6448,-74.0938,Compensar - Centro Urbano de Recreación,4.661564675434154,-74.10138485550107,Recreation Center
555,TEUSAQUILLO,4.6448,-74.0938,Cosechas,4.655780557015761,-74.11040669331884,Juice Bar
556,TEUSAQUILLO,4.6448,-74.0938,Super Bowling,4.652179951805686,-74.07743920404006,Bowling Alley
557,TEUSAQUILLO,4.6448,-74.0938,Colsubsidio Supermercado Salitre,4.638207092550284,-74.10307418406641,Market
558,TEUSAQUILLO,4.6448,-74.0938,Cirque Du Soleil - CORTEO,4.665029742099552,-74.09149794111894,Circus
559,TEUSAQUILLO,4.6448,-74.0938,Obleas Dany,4.652353375977684,-74.07402251707641,Cupcake Shop
560,TEUSAQUILLO,4.6448,-74.0938,Hotel NH Bogotá Urban 26 Royal,4.629724981115735,-74.08310651779175,Hotel
561,TEUSAQUILLO,4.6448,-74.0938,Unidad Deportiva El Salitre,4.664325689523565,-74.09751330467695,Recreation Center
562,TEUSAQUILLO,4.6448,-74.0938,Restaurante El Poblado,4.627852,-74.08584,Latin American Restaurant
563,TEUSAQUILLO,4.6448,-74.0938,El Corral Gourmet,4.65370362718307,-74.11031043026847,American Restaurant
564,TEUSAQUILLO,4.6448,-74.0938,Gimnasio Compensar,4.663130389994303,-74.10355987886263,Gym
565,TEUSAQUILLO,4.6448,-74.0938,Centro Canino Cruz Roja,4.665529769653475,-74.0861505600684,Dog Run
566,LA CANDELARIA,4.5939,-74.0739,Museo de Arte del Banco de la República,4.596319243565792,-74.07341804246981,Art Museum
567,LA CANDELARIA,4.5939,-74.0739,Teatro Colón,4.596540220706766,-74.0745383164652,Theater
568,LA CANDELARIA,4.5939,-74.0739,Museo Botero,4.596704846677457,-74.07316480698015,Art Museum
569,LA CANDELARIA,4.5939,-74.0739,Prudencia,4.595643,-74.070733,Comfort Food Restaurant
570,LA CANDELARIA,4.5939,-74.0739,Centro Cultural Gabriel García Márquez,4.597693839626869,-74.07428510390115,Cultural Center
571,LA CANDELARIA,4.5939,-74.0739,Casa de Moneda,4.59715921153678,-74.07341593587505,History Museum
572,LA CANDELARIA,4.5939,-74.0739,The Irish Pub,4.5973559692145685,-74.07124355109522,Pub
573,LA CANDELARIA,4.5939,-74.0739,Juan Valdez Café,4.59778238461655,-74.074299406049,Coffee Shop
574,LA CANDELARIA,4.5939,-74.0739,FCE Fondo de Cultura Económica Librería,4.597706671719152,-74.07407098716453,Bookstore
575,LA CANDELARIA,4.5939,-74.0739,Juan Valdez Café Casa Candelaria,4.5955274829326624,-74.07091466283794,Café
576,LA CANDELARIA,4.5939,-74.0739,Madre salon & cantina familiar,4.598069952759461,-74.07383866335611,Comfort Food Restaurant
577,LA CANDELARIA,4.5939,-74.0739,Hotel de la Opera,4.5967484166495005,-74.07465023003938,Hotel
578,LA CANDELARIA,4.5939,-74.0739,Cafe Rec,4.59449985001117,-74.07625277023705,Café
579,LA CANDELARIA,4.5939,-74.0739,La Puerta de la Catedral,4.597847777902473,-74.07461068185023,Latin American Restaurant
580,LA CANDELARIA,4.5939,-74.0739,Quinua y Amaranto,4.5959619778469705,-74.07172678547744,Vegetarian / Vegan Restaurant
581,LA CANDELARIA,4.5939,-74.0739,La Puerta Falsa,4.597976587526418,-74.07487823234462,Café
582,LA CANDELARIA,4.5939,-74.0739,Maria Tomasa - Cocina Caribe - Sede Museo,4.594956500833906,-74.07651106456801,Caribbean Restaurant
583,LA CANDELARIA,4.5939,-74.0739,Mi Rincon Frances,4.599008921781304,-74.0707132936037,Snack Place
584,LA CANDELARIA,4.5939,-74.0739,El Candelario,4.59882280752751,-74.07251265774185,Nightclub
585,LA CANDELARIA,4.5939,-74.0739,Restaurante T-Bone,4.599502896578388,-74.07076910663976,BBQ Joint
586,LA CANDELARIA,4.5939,-74.0739,Iglesia de San Francisco,4.601907599730002,-74.07295721593536,Historic Site
587,LA CANDELARIA,4.5939,-74.0739,Crepes & Waffles,4.600534188973231,-74.07098426497157,Restaurant
588,LA CANDELARIA,4.5939,-74.0739,Masaya Intercultural Hostels & Events,4.596634976282871,-74.0699438728314,Hotel
589,LA CANDELARIA,4.5939,-74.0739,Maria Tomasa (La Candelaria),4.597272854527,-74.07194186385809,Caribbean Restaurant
590,LA CANDELARIA,4.5939,-74.0739,Museo del Oro del Banco de la República,4.601919548658473,-74.07194146269184,History Museum
591,LA CANDELARIA,4.5939,-74.0739,La Tarteria,4.597793705520044,-74.07200890177835,French Restaurant
592,LA CANDELARIA,4.5939,-74.0739,Revellion,4.600991,-74.0704,Restaurant
593,LA CANDELARIA,4.5939,-74.0739,Museo Iglesia Santa Clara,4.596909878138206,-74.0773530495139,History Museum
594,LA CANDELARIA,4.5939,-74.0739,Arte y Pasión Café,4.598503776405138,-74.07750529525691,Café
595,LA CANDELARIA,4.5939,-74.0739,Chorro de Quevedo,4.59731401610245,-74.06967377588502,Plaza
596,LA CANDELARIA,4.5939,-74.0739,La Totuma Corrida,4.597982315516225,-74.06957248436811,Sushi Restaurant
597,LA CANDELARIA,4.5939,-74.0739,Pasaje Rivas,4.599417981224898,-74.07803583893877,Arts & Crafts Store
598,LA CANDELARIA,4.5939,-74.0739,Bogotá Beer Company,4.600290992297489,-74.07047285676347,Pub
599,LA CANDELARIA,4.5939,-74.0739,Hotel Casa Galería,4.597997294117454,-74.0694947499557,Bed & Breakfast
600,LA CANDELARIA,4.5939,-74.0739,Chantonner,4.601783533094991,-74.07141321792845,Deli / Bodega
601,LA CANDELARIA,4.5939,-74.0739,Plaza de Bolívar,4.598198940154897,-74.07585983076089,Plaza
602,LA CANDELARIA,4.5939,-74.0739,Juan Valdez,4.601041458250181,-74.07011854446847,Coffee Shop
603,LA CANDELARIA,4.5939,-74.0739,Cafe Para Dos,4.598780274788259,-74.07031197810036,Cocktail Bar
604,LA CANDELARIA,4.5939,-74.0739,The Cranky Croc,4.599992631006914,-74.06984372461295,Hostel
605,LA CANDELARIA,4.5939,-74.0739,Arte y Pasión,4.6030877381296085,-74.07338285244361,Café
606,LA CANDELARIA,4.5939,-74.0739,Marandúa,4.603614460669255,-74.06919913744734,Wine Bar
607,LA CANDELARIA,4.5939,-74.0739,Librería Lerner,4.600712558786405,-74.07066501738701,Bookstore
608,LA CANDELARIA,4.5939,-74.0739,La Peluqueria,4.600219783689615,-74.06923784816098,Nightclub
609,LA CANDELARIA,4.5939,-74.0739,Museo Histórico de la Policía Nacional,4.597852815665048,-74.0785804339306,History Museum
610,LA CANDELARIA,4.5939,-74.0739,Asadero Don Roque,4.589817,-74.08156,Fried Chicken Joint
611,LA CANDELARIA,4.5939,-74.0739,La Escuela Restaurante,4.597334347361071,-74.07796350294613,South American Restaurant
612,LA CANDELARIA,4.5939,-74.0739,Casa Quiebra-Canto,4.603190439232741,-74.07069617908732,Nightclub
613,LA CANDELARIA,4.5939,-74.0739,El Manolo,4.605826973375208,-74.07587130345829,BBQ Joint
614,LA CANDELARIA,4.5939,-74.0739,El Taller Del Pan,4.5973221679797796,-74.0779036652801,Bakery
615,LA CANDELARIA,4.5939,-74.0739,Centro Historico La Candelaria,4.600943145640182,-74.07907789504927,Historic Site
616,SANTA FE,4.612613,-74.057481,Santa Fe Restaurante,4.610244566447289,-74.06425595283508,Restaurant
617,SANTA FE,4.612613,-74.057481,Monserrate,4.604477299412573,-74.05563811979121,Scenic Lookout
618,SANTA FE,4.612613,-74.057481,Casa San Isidro,4.604215496615501,-74.05532179421434,French Restaurant
619,SANTA FE,4.612613,-74.057481,Anna y Otto,4.6135035,-74.06651,Pizza Place
620,SANTA FE,4.612613,-74.057481,La Tapería,4.613659327894658,-74.06641542348893,Tapas Restaurant
621,SANTA FE,4.612613,-74.057481,Azimos,4.613427,-74.066986,Café
622,SANTA FE,4.612613,-74.057481,Museo Nacional de Colombia,4.6155448214597765,-74.06830072402954,History Museum
623,SANTA FE,4.612613,-74.057481,WOK Museo Nacional,4.6161323482680015,-74.06820566210953,Asian Restaurant
624,SANTA FE,4.612613,-74.057481,La Molina,4.612717545810375,-74.06650935077766,Peruvian Restaurant
625,SANTA FE,4.612613,-74.057481,La Chocolatera,4.612123931542156,-74.06684281880771,Dessert Shop
626,SANTA FE,4.612613,-74.057481,Artesano,4.614104825494111,-74.06631384622601,Restaurant
627,SANTA FE,4.612613,-74.057481,El Patio,4.614710777077845,-74.06620060411426,Italian Restaurant
628,SANTA FE,4.612613,-74.057481,Plaza de Mercado La Perseverancia,4.61655579224496,-74.06610733612429,Farmers Market
629,SANTA FE,4.612613,-74.057481,EL BOLICHE la MACARENA,4.613754857228324,-74.06768691874542,Restaurant
630,SANTA FE,4.612613,-74.057481,La Luvina,4.612971584682187,-74.06718198887262,Bookstore
631,SANTA FE,4.612613,-74.057481,Leo Cocina y Cava,4.614607728829146,-74.0690856124495,Restaurant
632,SANTA FE,4.612613,-74.057481,Home Burgers,4.614485065541174,-74.0687534416301,Burger Joint
633,SANTA FE,4.612613,-74.057481,Bogota Beer Company,4.618799446453717,-74.06804873304486,Bar
634,SANTA FE,4.612613,-74.057481,Tábula,4.615956986459275,-74.06746711832915,Restaurant
635,SANTA FE,4.612613,-74.057481,Centro Cultural Teatro Municipal Jorge Eliécer Gaitán,4.608621157949594,-74.07053063846604,Theater
636,SANTA FE,4.612613,-74.057481,Planetario de Bogotá,4.612061317019337,-74.0690199436097,Planetarium
637,SANTA FE,4.612613,-74.057481,Starbucks,4.6153951048372805,-74.06988859176636,Coffee Shop
638,SANTA FE,4.612613,-74.057481,Marandúa,4.603614460669255,-74.06919913744734,Wine Bar
639,SANTA FE,4.612613,-74.057481,Crepes & Waffles,4.615179799628057,-74.07002734897813,Restaurant
640,SANTA FE,4.612613,-74.057481,"Don Teo, Fogon Y Parrilla",4.62071288907065,-74.06917707473315,Restaurant
641,SANTA FE,4.612613,-74.057481,Cinemateca Distrital,4.608639112926065,-74.07054186379814,Movie Theater
642,SANTA FE,4.612613,-74.057481,Parque Nacional,4.624196249754666,-74.0652322769165,Park
643,SANTA FE,4.612613,-74.057481,Panadería y Bizcochería El Cometa,4.608583221789414,-74.07165119342396,Bakery
644,SANTA FE,4.612613,-74.057481,Varietale Cafes y Tes,4.6287845862359305,-74.06633071231477,Café
645,SANTA FE,4.612613,-74.057481,Teatro el parque,4.622760583955033,-74.06372706349313,Theater
646,SANTA FE,4.612613,-74.057481,Museo del Oro del Banco de la República,4.601919548658473,-74.07194146269184,History Museum
647,SANTA FE,4.612613,-74.057481,Revellion,4.600991,-74.0704,Restaurant
648,SANTA FE,4.612613,-74.057481,Iglesia de San Francisco,4.601907599730002,-74.07295721593536,Historic Site
649,SANTA FE,4.612613,-74.057481,Crepes & Waffles,4.600534188973231,-74.07098426497157,Restaurant
650,SANTA FE,4.612613,-74.057481,Juan Valdez Café,4.615277470326019,-74.06999588012695,Coffee Shop
651,SANTA FE,4.612613,-74.057481,Restaurante T-Bone,4.599502896578388,-74.07076910663976,BBQ Joint
652,SANTA FE,4.612613,-74.057481,Chantonner,4.601783533094991,-74.07141321792845,Deli / Bodega
653,SANTA FE,4.612613,-74.057481,Parque Central Bavaria,4.617211178333804,-74.0703012269399,Park
654,SANTA FE,4.612613,-74.057481,Mi Rincon Frances,4.599008921781304,-74.0707132936037,Snack Place
655,SANTA FE,4.612613,-74.057481,Suati,4.624050275529386,-74.0711946324081,Vegetarian / Vegan Restaurant
656,SANTA FE,4.612613,-74.057481,Arte y Pasión,4.6030877381296085,-74.07338285244361,Café
657,SANTA FE,4.612613,-74.057481,Prudencia,4.595643,-74.070733,Comfort Food Restaurant
658,SANTA FE,4.612613,-74.057481,The Irish Pub,4.5973559692145685,-74.07124355109522,Pub
659,SANTA FE,4.612613,-74.057481,Salsamentaria el Bohemio,4.608607566609569,-74.07198271333277,Fast Food Restaurant
660,SANTA FE,4.612613,-74.057481,Orquesta Filarmónica de Bogotá,4.627534056403468,-74.0692499608944,Music Venue
661,SANTA FE,4.612613,-74.057481,Hotel El Virrey,4.603839,-74.07108,Hotel
662,SANTA FE,4.612613,-74.057481,Museo Botero,4.596704846677457,-74.07316480698015,Art Museum
663,SANTA FE,4.612613,-74.057481,El Manolo,4.605826973375208,-74.07587130345829,BBQ Joint
664,SANTA FE,4.612613,-74.057481,Parque Brasil,4.627004612617919,-74.07177550621796,Park
665,SANTA FE,4.612613,-74.057481,La Quiche Javeriana,4.631139038827892,-74.06436336868407,French Restaurant
666,SUBA,4.739453,-74.075097,Falabella,4.733758516579118,-74.06627568405678,Department Store
667,SUBA,4.739453,-74.075097,Decathlon,4.734379836549429,-74.06480201296071,Sporting Goods Shop
668,SUBA,4.739453,-74.075097,H&M,4.731988720738129,-74.06675383903044,Clothing Store
669,SUBA,4.739453,-74.075097,Parque Mirador De Los Nevados,4.742058970139369,-74.08138385389829,Park
670,SUBA,4.739453,-74.075097,Cinemark,4.731746084034323,-74.06659931157863,Movie Theater
671,SUBA,4.739453,-74.075097,La Bifería,4.7318153,-74.067,Steakhouse
672,SUBA,4.739453,-74.075097,Centro Comercial Parque La Colina,4.732677623519119,-74.06630516052246,Shopping Mall
673,SUBA,4.739453,-74.075097,Julia,4.732081,-74.067087,Pizza Place
674,SUBA,4.739453,-74.075097,Starbucks,4.733293247349711,-74.06631718621185,Coffee Shop
675,SUBA,4.739453,-74.075097,Farmatodo,4.729664000000001,-74.06853579999999,Pharmacy
676,SUBA,4.739453,-74.075097,Crate & Barrel,4.733259067836629,-74.06647946800835,Furniture / Home Store
677,SUBA,4.739453,-74.075097,WOK,4.732777486416738,-74.06585064224905,Asian Restaurant
678,SUBA,4.739453,-74.075097,GORDO,4.731931,-74.067034,American Restaurant
679,SUBA,4.739453,-74.075097,Plazoleta De Comidas Parque Colina,4.73260201062596,-74.06629089346141,Food Court
680,SUBA,4.739453,-74.075097,Comercial Papelera 134,4.727684952612595,-74.07044139524436,Paper / Office Supplies Store
681,SUBA,4.739453,-74.075097,Carulla,4.740671121026379,-74.06468151838975,Supermarket
682,SUBA,4.739453,-74.075097,Miniso Parque La Colina,4.732762,-74.06654,Gift Shop
683,SUBA,4.739453,-74.075097,Semolina,4.731963,-74.066919,Italian Restaurant
684,SUBA,4.739453,-74.075097,Juan Valdez Café,4.728148103076192,-74.06475403422381,Café
685,SUBA,4.739453,-74.075097,T4 – Tea For U,4.73267488685752,-74.06646204267628,Bubble Tea Shop
686,SUBA,4.739453,-74.075097,Bogota Beer Company,4.729432,-74.068015,Pub
687,SUBA,4.739453,-74.075097,Ciclovia colina,4.7347571882925985,-74.06669128388071,Bike Trail
688,SUBA,4.739453,-74.075097,Chopinar,4.729442842407843,-74.06839994706986,Fast Food Restaurant
689,SUBA,4.739453,-74.075097,Cesof - Centro Social de Oficiales Policia Nacional,4.735844145219018,-74.06768148336607,General Entertainment
690,SUBA,4.739453,-74.075097,Crepes & Waffles,4.732665619499305,-74.06608659573834,Creperie
691,SUBA,4.739453,-74.075097,Beer Colina,4.726127156829171,-74.06523900450833,Bar
692,SUBA,4.739453,-74.075097,Teatro Mayor Julio Mario Santo Domingo,4.756865959867066,-74.06271229386128,Theater
693,SUBA,4.739453,-74.075097,Compensar Suba,4.737540067432105,-74.08752066839679,Recreation Center
694,SUBA,4.739453,-74.075097,Buffalo Wings,4.723066762493372,-74.06244771689249,Wings Joint
695,SUBA,4.739453,-74.075097,Sagal La Colina,4.726558791425292,-74.06154069035811,Steakhouse
696,SUBA,4.739453,-74.075097,Bodytech,4.7290800541001685,-74.06626569468094,Gym
697,SUBA,4.739453,-74.075097,El Boleo,4.7318625,-74.06706,Salad Place
698,SUBA,4.739453,-74.075097,Social,4.731974912775478,-74.06700751187478,Lounge
699,SUBA,4.739453,-74.075097,Hamburguesas El Corral,4.734768456373248,-74.0649604213829,Fast Food Restaurant
700,SUBA,4.739453,-74.075097,Centro Cultural Biblioteca Pública Julio Mario Santo Domingo,4.756560297844746,-74.06257196301902,Library
701,SUBA,4.739453,-74.075097,Farmatodo,4.750884,-74.0654571,Pharmacy
702,SUBA,4.739453,-74.075097,Corchos Barcelona,4.7326875,-74.06644,Spanish Restaurant
703,SUBA,4.739453,-74.075097,Ciclovia,4.755949172132342,-74.05916631856037,Bike Rental / Bike Share
704,SUBA,4.739453,-74.075097,Presto,4.726024963070304,-74.06528228659758,Burger Joint
705,SUBA,4.739453,-74.075097,Palos De Moguer,4.729528120337373,-74.0685908579597,Bar
706,SUBA,4.739453,-74.075097,Wingz N Beer,4.723147498991978,-74.06648746205478,Wings Joint
707,SUBA,4.739453,-74.075097,Crepes & Waffles,4.722889806552676,-74.06244086923469,Creperie
708,SUBA,4.739453,-74.075097,Tostao',4.75497746619181,-74.06410206471972,Coffee Shop
709,SUBA,4.739453,-74.075097,Hondashi,4.7279229164123535,-74.06498718261719,Asian Restaurant
710,SUBA,4.739453,-74.075097,Teriyaki Street,4.731936,-74.06681,Japanese Restaurant
711,SUBA,4.739453,-74.075097,Hamburguesas El Corral,4.757884122186469,-74.06489943070883,Fast Food Restaurant
712,SUBA,4.739453,-74.075097,Asturias panadería y pastelería,4.732546130598648,-74.05285083359547,Bakery
713,SUBA,4.739453,-74.075097,Cinemark,4.723085251660391,-74.0621985355853,Movie Theater
714,SUBA,4.739453,-74.075097,El Corral Colina Campestre,4.726972161421687,-74.06481365766948,Burger Joint
715,SUBA,4.739453,-74.075097,Crepes & Waffles,4.750429979790418,-74.09564679081937,Restaurant
716,FONTIBÓN,4.6832,-74.1479,"Tabasco ""El picante lo pones tú""",4.675181039698448,-74.14168258031826,Mexican Restaurant
717,FONTIBÓN,4.6832,-74.1479,Sala VIP Diamond (Terminal T1 - Nacional),4.697723758113087,-74.14434671401978,Airport Lounge
718,FONTIBÓN,4.6832,-74.1479,Bogotá Beer Company,4.698397893633733,-74.14499468235557,Pub
719,FONTIBÓN,4.6832,-74.1479,Crepes & Waffles,4.698244981274765,-74.14158403681115,French Restaurant
720,FONTIBÓN,4.6832,-74.1479,Juan Valdez Café,4.698534598015489,-74.1407137002577,Coffee Shop
721,FONTIBÓN,4.6832,-74.1479,Archie's,4.6975946,-74.14295,Italian Restaurant
722,FONTIBÓN,4.6832,-74.1479,Gaira Café,4.696524763236628,-74.13823568350432,Café
723,FONTIBÓN,4.6832,-74.1479,Starbucks,4.6974642185367985,-74.14249572486129,Coffee Shop
724,FONTIBÓN,4.6832,-74.1479,Aeropuerto Internacional El Dorado (BOG) (Aeropuerto Internacional El Dorado),4.698170068125876,-74.14196537010656,Airport
725,FONTIBÓN,4.6832,-74.1479,Bar Dorado,4.69694,-74.138413,Bar
726,FONTIBÓN,4.6832,-74.1479,Piqueteadero Guadalajara,4.680663355484947,-74.14912955996549,Latin American Restaurant
727,FONTIBÓN,4.6832,-74.1479,Juan Valdez Café,4.693890504551607,-74.13519680532997,Café
728,FONTIBÓN,4.6832,-74.1479,BBC La Bodega - Terminal Puente Aéreo,4.693784745511199,-74.13515286278391,Brewery
729,FONTIBÓN,4.6832,-74.1479,Courtyard By Marriott Bogota Airport,4.687775175027712,-74.12733254909114,Hotel
730,FONTIBÓN,4.6832,-74.1479,Sala VIP Avianca Silver & Gold,4.699082242858691,-74.1413077712059,Airport Lounge
731,FONTIBÓN,4.6832,-74.1479,Da Quei Matti,4.66163757422858,-74.13449372052315,Pizza Place
732,FONTIBÓN,4.6832,-74.1479,Café Oma,4.697958208366023,-74.14173026246392,Café
733,FONTIBÓN,4.6832,-74.1479,El Market Colombia,4.697831820256406,-74.14015331330228,Gift Shop
734,FONTIBÓN,4.6832,-74.1479,Juan Valdez Café,4.6973643,-74.14276,Coffee Shop
735,FONTIBÓN,4.6832,-74.1479,Movich Buro 26,4.689655416998871,-74.13010583213253,Hotel
736,FONTIBÓN,4.6832,-74.1479,Hotel Habitel,4.688067330212577,-74.13038333420947,Hotel
737,FONTIBÓN,4.6832,-74.1479,Crepes & Waffles,4.663777956392484,-74.13108346755028,Ice Cream Shop
738,FONTIBÓN,4.6832,-74.1479,Farmatodo,4.672128691591091,-74.12554726421969,Pharmacy
739,FONTIBÓN,4.6832,-74.1479,parque la giralda,4.681137037495718,-74.13929315359836,Park
740,FONTIBÓN,4.6832,-74.1479,A Bordo,4.70135345803203,-74.14364893823674,Airport Service
741,FONTIBÓN,4.6832,-74.1479,Café Oma,4.6985010731903865,-74.1452068017922,Breakfast Spot
742,FONTIBÓN,4.6832,-74.1479,International Connections Security,4.698587890562913,-74.14141876485239,Airport Service
743,FONTIBÓN,4.6832,-74.1479,Toledo Pastelería,4.682066,-74.133603,Tea Room
744,FONTIBÓN,4.6832,-74.1479,Terminal Aereo Simon Bolivar - Avianca Services,4.685538480769458,-74.12549565071588,Airport
745,FONTIBÓN,4.6832,-74.1479,Top Sushi Wok,4.691265280608282,-74.13668632507324,Sushi Restaurant
746,FONTIBÓN,4.6832,-74.1479,Sala VIP LATAM,4.698651333342757,-74.14135057732778,Airport Lounge
747,FONTIBÓN,4.6832,-74.1479,Juan Valdez Café,4.69715035679637,-74.14101004600525,Coffee Shop
748,FONTIBÓN,4.6832,-74.1479,Pain Du Roi  Du Café,4.6647128520447465,-74.13508058629154,Café
749,FONTIBÓN,4.6832,-74.1479,Sala VIP Aeropuerto Internacional El Dorado,4.700417464404804,-74.1434792268563,Airport Lounge
750,FONTIBÓN,4.6832,-74.1479,Hotel City Express,4.680946831948104,-74.12209643860332,Hotel
751,FONTIBÓN,4.6832,-74.1479,Mis Carnes Parrilla - Portal de la Sabana,4.671254058801125,-74.15278573523568,BBQ Joint
752,FONTIBÓN,4.6832,-74.1479,KFC Fontibón,4.671377063382736,-74.15275706525206,Fried Chicken Joint
753,FONTIBÓN,4.6832,-74.1479,Juan Valdez Café,4.693489398815304,-74.1347336769104,Café
754,FONTIBÓN,4.6832,-74.1479,Sandwich Qbano Fontibón,4.6712162533419646,-74.15280867121942,Sandwich Place
755,FONTIBÓN,4.6832,-74.1479,Popsy Hayuelos,4.6638070651760914,-74.13056517577408,Ice Cream Shop
756,FONTIBÓN,4.6832,-74.1479,Donde la Sra Delia,4.680765915868636,-74.13436427386532,BBQ Joint
757,FONTIBÓN,4.6832,-74.1479,Sala Vip American Airlines,4.700203727017054,-74.14257894231508,Airport Lounge
758,FONTIBÓN,4.6832,-74.1479,Punta Camaron,4.673152033877955,-74.13902363607562,Seafood Restaurant
759,FONTIBÓN,4.6832,-74.1479,Hamburguesas El Corral,4.67138280066433,-74.15326739030066,Fast Food Restaurant
760,FONTIBÓN,4.6832,-74.1479,The Marketplace By Wolfgang Puck,4.696629,-74.138289,Café
761,FONTIBÓN,4.6832,-74.1479,Papa John’s,4.697375,-74.142372,Pizza Place
762,FONTIBÓN,4.6832,-74.1479,Buffalo Wings,4.663721438789792,-74.13133444233014,Wings Joint
763,FONTIBÓN,4.6832,-74.1479,Café Gourmet,4.69862601884924,-74.1440659472876,Café
764,FONTIBÓN,4.6832,-74.1479,Juan Valdez Café,4.663964750744854,-74.13051513687662,Coffee Shop
765,FONTIBÓN,4.6832,-74.1479,BODYTECH,4.663959303302564,-74.13140473926197,Gym
766,LOS MÁRTIRES,4.610042,-74.091128,El Viejo Rancho Tolimense,4.610749872265807,-74.09328313918797,Latin American Restaurant
767,LOS MÁRTIRES,4.610042,-74.091128,Plaza de Mercado de Paloquemao,4.61615840652022,-74.08441826923635,Farmers Market
768,LOS MÁRTIRES,4.610042,-74.091128,Ventolini,4.618732193899985,-74.08666393101433,Restaurant
769,LOS MÁRTIRES,4.610042,-74.091128,Panadería Kuty,4.59970810254545,-74.09492403880748,Bakery
770,LOS MÁRTIRES,4.610042,-74.091128,Crepes & Waffles,4.6180006619227525,-74.0864649900428,Creperie
771,LOS MÁRTIRES,4.610042,-74.091128,Pescaderia Mar Y Mar,4.6142572877912915,-74.10232956285506,Seafood Restaurant
772,LOS MÁRTIRES,4.610042,-74.091128,Restaurante León,4.6145095166318315,-74.10373111578258,South American Restaurant
773,LOS MÁRTIRES,4.610042,-74.091128,Pescaderia Marineros,4.614158208300813,-74.10229637358282,Seafood Restaurant
774,LOS MÁRTIRES,4.610042,-74.091128,El Fogón Llanero,4.604273203663093,-74.09546317992564,Steakhouse
775,LOS MÁRTIRES,4.610042,-74.091128,Brazzeiro Rodizio Do Brasil,4.617983256806231,-74.08633127867378,Brazilian Restaurant
776,LOS MÁRTIRES,4.610042,-74.091128,Cafe Dela Fonda,4.6178382150498365,-74.07777837971501,Café
777,LOS MÁRTIRES,4.610042,-74.091128,El Manolo,4.605826973375208,-74.07587130345829,BBQ Joint
778,LOS MÁRTIRES,4.610042,-74.091128,moffis,4.599558634468616,-74.09871638105602,Café
779,LOS MÁRTIRES,4.610042,-74.091128,Hilton,4.628499,-74.091045,Hotel
780,LOS MÁRTIRES,4.610042,-74.091128,Iglesia de San Francisco,4.601907599730002,-74.07295721593536,Historic Site
781,LOS MÁRTIRES,4.610042,-74.091128,Pasaje Rivas,4.599417981224898,-74.07803583893877,Arts & Crafts Store
782,LOS MÁRTIRES,4.610042,-74.091128,Domino's Pizza,4.602982825216387,-74.10146407011216,Pizza Place
783,LOS MÁRTIRES,4.610042,-74.091128,La Toscana - Panadería y Pastelería,4.628976562498573,-74.08772222738078,Bakery
784,LOS MÁRTIRES,4.610042,-74.091128,Teatro Colón,4.596540220706766,-74.0745383164652,Theater
785,LOS MÁRTIRES,4.610042,-74.091128,Museo del Oro del Banco de la República,4.601919548658473,-74.07194146269184,History Museum
786,LOS MÁRTIRES,4.610042,-74.091128,Arte y Pasión,4.6030877381296085,-74.07338285244361,Café
787,LOS MÁRTIRES,4.610042,-74.091128,Centro Cultural Gabriel García Márquez,4.597693839626869,-74.07428510390115,Cultural Center
788,LOS MÁRTIRES,4.610042,-74.091128,Arte y Pasión Café,4.598503776405138,-74.07750529525691,Café
789,LOS MÁRTIRES,4.610042,-74.091128,Centro Cultural Teatro Municipal Jorge Eliécer Gaitán,4.608621157949594,-74.07053063846604,Theater
790,LOS MÁRTIRES,4.610042,-74.091128,Museo Botero,4.596704846677457,-74.07316480698015,Art Museum
791,LOS MÁRTIRES,4.610042,-74.091128,Centro Historico La Candelaria,4.600943145640182,-74.07907789504927,Historic Site
792,LOS MÁRTIRES,4.610042,-74.091128,Museo de Arte del Banco de la República,4.596319243565792,-74.07341804246981,Art Museum
793,LOS MÁRTIRES,4.610042,-74.091128,Restaurante El Poblado,4.627852,-74.08584,Latin American Restaurant
794,LOS MÁRTIRES,4.610042,-74.091128,Panadería y Bizcochería El Cometa,4.608583221789414,-74.07165119342396,Bakery
795,LOS MÁRTIRES,4.610042,-74.091128,Juan Valdez Café,4.59778238461655,-74.074299406049,Coffee Shop
796,LOS MÁRTIRES,4.610042,-74.091128,Centro Comercial Calima,4.618303879276402,-74.08604621887207,Shopping Mall
797,LOS MÁRTIRES,4.610042,-74.091128,Hamburguesas El Corral,4.626574998557146,-74.09470058551234,Burger Joint
798,LOS MÁRTIRES,4.610042,-74.091128,Museo Nacional de Colombia,4.6155448214597765,-74.06830072402954,History Museum
799,LOS MÁRTIRES,4.610042,-74.091128,optica alemana,4.606688499450684,-74.07341766357422,Optical Shop
800,LOS MÁRTIRES,4.610042,-74.091128,Madre salon & cantina familiar,4.598069952759461,-74.07383866335611,Comfort Food Restaurant
801,LOS MÁRTIRES,4.610042,-74.091128,La Puerta Falsa,4.597976587526418,-74.07487823234462,Café
802,LOS MÁRTIRES,4.610042,-74.091128,Farmatodo,4.6031361,-74.1011857,Pharmacy
803,LOS MÁRTIRES,4.610042,-74.091128,Leo Cocina y Cava,4.614607728829146,-74.0690856124495,Restaurant
804,LOS MÁRTIRES,4.610042,-74.091128,El Templo,4.627189600894457,-74.0751104205787,Tea Room
805,LOS MÁRTIRES,4.610042,-74.091128,La Puerta de la Catedral,4.597847777902473,-74.07461068185023,Latin American Restaurant
806,LOS MÁRTIRES,4.610042,-74.091128,FCE Fondo de Cultura Económica Librería,4.597706671719152,-74.07407098716453,Bookstore
807,LOS MÁRTIRES,4.610042,-74.091128,Crepes & Waffles,4.600534188973231,-74.07098426497157,Restaurant
808,LOS MÁRTIRES,4.610042,-74.091128,Casa de Moneda,4.59715921153678,-74.07341593587505,History Museum
809,LOS MÁRTIRES,4.610042,-74.091128,WOK Museo Nacional,4.6161323482680015,-74.06820566210953,Asian Restaurant
810,LOS MÁRTIRES,4.610042,-74.091128,Cinemateca Distrital,4.608639112926065,-74.07054186379814,Movie Theater
811,LOS MÁRTIRES,4.610042,-74.091128,Cevicheria Brisas del Caribe,4.610547634832835,-74.07114860844449,Caribbean Restaurant
812,LOS MÁRTIRES,4.610042,-74.091128,Marandúa,4.603614460669255,-74.06919913744734,Wine Bar
813,LOS MÁRTIRES,4.610042,-74.091128,Teatro Colsubsidio,4.623349894343622,-74.07742648017422,Theater
814,LOS MÁRTIRES,4.610042,-74.091128,Chantonner,4.601783533094991,-74.07141321792845,Deli / Bodega
815,LOS MÁRTIRES,4.610042,-74.091128,Restaurante Florida,4.607428418551867,-74.07089970786758,Restaurant
816,SAN CRISTOBAL,4.5463,-74.0883,Velodromo Primero de Mayo,4.572940989170565,-74.08884647770863,Park
817,SAN CRISTOBAL,4.5463,-74.0883,Parque Entre Nubes,4.539214218649638,-74.09369903223941,Outdoors & Recreation
818,SAN CRISTOBAL,4.5463,-74.0883,DISTRIBUIDORA INDUSTRIAL CAMACHO SAS,4.5627247,-74.0843768,Home Service
819,SAN CRISTOBAL,4.5463,-74.0883,bombonera,4.563464450517331,-74.09594171908309,Basketball Court
820,SAN CRISTOBAL,4.5463,-74.0883,Polideportivo Villa de los Alpes,4.562756363665815,-74.09774273213259,Park
821,SAN CRISTOBAL,4.5463,-74.0883,Centro Comercial Bazar 20 De Julio,4.5724527032977225,-74.09171443285064,Shopping Mall
822,SAN CRISTOBAL,4.5463,-74.0883,TALLER FLORAL,4.52442,-74.08996,Flower Shop
823,USME,4.506709,-74.103958,Bolivariano - Yomasa,4.506723752066716,-74.11291873628372,Bus Station
824,USME,4.506709,-74.103958,Flota La Macarena Yomasa,4.507200877996314,-74.11340049410424,Bus Station
825,USME,4.506709,-74.103958,Yomaza,4.507914789216188,-74.11415180442609,Park
826,USME,4.506709,-74.103958,Panadería Pan Dorado,4.516930741982463,-74.11540428884216,Bakery
827,USME,4.506709,-74.103958,TALLER FLORAL,4.52442,-74.08996,Flower Shop
